time,TSS,PH,TPH,Total_Coliform,DO,Water_Quality,WQL_EN,WQL_VI
1/1/2020,39.15,8.2,0.74,84,4.8,2,Moderate,Trung bình
1/2/2020,56.92,8.02,0.5,59,4.74,2,Moderate,Trung bình
1/3/2020,6.2,7.8,0.21,0,5.01,1,Good,Tốt
1/6/2020,14.28,8.33,0.28,117,4.28,2,Moderate,Trung bình
1/7/2020,42.7,7.89,0.44,45,4.75,2,Moderate,Trung bình
1/8/2020,74.72,8.08,0.1,198,4.37,2,Moderate,Trung bình
1/9/2020,5.31,7.87,0.4,189,4.95,1,Good,Tốt
1/10/2020,35.54,7.84,0.17,60,5.3,1,Good,Tốt
1/13/2020,9.07,8.15,0.26,36,5.13,1,Good,Tốt
1/14/2020,59.39,7.95,0.28,145,5.3,2,Moderate,Trung bình
1/15/2020,37.3,7.9,0.1,197,5.41,1,Good,Tốt
1/16/2020,59.61,8.15,0.19,149,5.49,2,Moderate,Trung bình
1/17/2020,69.98,7.64,0.56,119,4.76,2,Moderate,Trung bình
1/20/2020,4.68,8.05,0.44,269,4.68,2,Moderate,Trung bình
1/21/2020,31.15,8.24,0.42,52,5.06,1,Good,Tốt
1/22/2020,59.14,7.97,0.27,67,4.3,2,Moderate,Trung bình
1/23/2020,46.3,8.09,0.29,0,4.72,2,Moderate,Trung bình
1/24/2020,26.08,8.06,0.45,313,4.94,2,Moderate,Trung bình
1/27/2020,40.09,7.77,0.35,116,5.87,2,Moderate,Trung bình
1/28/2020,46.56,8.08,0.1,233,5.18,2,Moderate,Trung bình
1/29/2020,25.24,8.33,0.1,173,5.78,2,Moderate,Trung bình
1/30/2020,29.78,8.1,0.21,0,4.88,2,Moderate,Trung bình
1/31/2020,48.86,7.93,0.73,25,4.72,2,Moderate,Trung bình
2/3/2020,22.27,8.1,0.72,0,5.05,2,Moderate,Trung bình
2/4/2020,58.79,7.85,0.1,177,5.08,2,Moderate,Trung bình
2/5/2020,50.76,7.95,0.45,152,4.67,2,Moderate,Trung bình
2/6/2020,54.72,7.87,0.57,15,5.32,2,Moderate,Trung bình
2/7/2020,30.17,8.23,0.5,209,5.75,2,Moderate,Trung bình
2/10/2020,30,7.91,0.18,112,5.08,1,Good,Tốt
2/11/2020,59.64,8.06,0.75,92,6.05,2,Moderate,Trung bình
2/12/2020,28.97,7.88,0.51,96,5.26,1,Good,Tốt
2/13/2020,43.26,7.92,0.1,72,5.31,1,Good,Tốt
2/14/2020,21.4,8.09,0.49,25,5.02,1,Good,Tốt
2/17/2020,23.13,8.12,0.53,237,5.38,2,Moderate,Trung bình
2/18/2020,25.48,8.14,0.5,176,6.45,2,Moderate,Trung bình
2/19/2020,65.62,8.23,0.56,86,5.27,2,Moderate,Trung bình
2/20/2020,38.99,7.97,0.4,370,4.18,2,Moderate,Trung bình
2/21/2020,15.11,7.98,0.67,127,4.54,2,Moderate,Trung bình
2/24/2020,55.93,7.93,0.43,125,4.67,2,Moderate,Trung bình
2/25/2020,57.95,7.73,0.45,49,5.36,1,Good,Tốt
2/26/2020,41.22,8.14,0.6,0,4.8,2,Moderate,Trung bình
2/27/2020,31.62,8.36,0.48,0,5.31,2,Moderate,Trung bình
2/28/2020,65.27,7.81,0.29,257,4.73,2,Moderate,Trung bình
3/2/2020,59.91,7.89,0.39,0,4.58,2,Moderate,Trung bình
3/3/2020,21.96,8.33,0.1,77,5.02,2,Moderate,Trung bình
3/4/2020,20.19,8.25,0.42,18,5.21,1,Good,Tốt
3/5/2020,34.34,8.06,0.31,137,5.25,2,Moderate,Trung bình
3/6/2020,23.99,8.42,0.1,108,5.26,2,Moderate,Trung bình
3/9/2020,34.01,8.02,0.28,61,5.33,1,Good,Tốt
3/10/2020,32.79,8.2,0.48,212,5.24,2,Moderate,Trung bình
3/11/2020,34.05,8.17,0.54,122,5,2,Moderate,Trung bình
3/12/2020,35.58,8.15,0.36,101,5.46,2,Moderate,Trung bình
3/13/2020,61.01,8.28,0.41,198,4.88,2,Moderate,Trung bình
3/16/2020,43.13,8.07,0.55,36,5.83,2,Moderate,Trung bình
3/17/2020,21.83,8.24,0.59,192,5.2,2,Moderate,Trung bình
3/18/2020,28.66,8.06,0.23,230,4.92,2,Moderate,Trung bình
3/19/2020,38.45,8.12,0.25,36,5.05,1,Good,Tốt
3/20/2020,36.11,7.97,0.46,0,4.42,1,Good,Tốt
3/23/2020,40.55,8.1,0.76,217,4.89,3,Bad,Xấu
3/24/2020,26.71,8.05,0.33,159,4.65,2,Moderate,Trung bình
3/25/2020,73.95,8.03,0.51,199,4.84,3,Bad,Xấu
3/26/2020,45.66,8.07,0.21,127,5.19,2,Moderate,Trung bình
3/27/2020,64.32,8.42,0.22,219,5.1,2,Moderate,Trung bình
3/30/2020,32.5,7.92,0.27,0,4.84,1,Good,Tốt
3/31/2020,47.21,8.1,0.86,227,4.73,3,Bad,Xấu
4/1/2020,52.29,7.83,0.84,248,4.74,2,Moderate,Trung bình
4/2/2020,67.35,8.03,0.68,0,4.66,2,Moderate,Trung bình
4/3/2020,45,7.98,0.54,5,4.9,2,Moderate,Trung bình
4/6/2020,53.72,8.18,0.11,0,5.47,2,Moderate,Trung bình
4/7/2020,30.67,8.33,0.42,248,4.99,2,Moderate,Trung bình
4/8/2020,78.52,8.03,0.65,190,5.56,2,Moderate,Trung bình
4/9/2020,55.8,8.24,0.1,0,4.11,2,Moderate,Trung bình
4/10/2020,57.08,8.31,0.4,296,4.39,3,Bad,Xấu
4/13/2020,41.4,8.12,0.36,0,4.87,2,Moderate,Trung bình
4/14/2020,55.16,8.12,0.14,65,4.49,2,Moderate,Trung bình
4/15/2020,61.66,7.89,0.51,63,4.63,2,Moderate,Trung bình
4/16/2020,24.95,7.97,0.1,333,4.96,2,Moderate,Trung bình
4/17/2020,47.37,8.04,0.32,187,5.24,2,Moderate,Trung bình
4/20/2020,32.99,8.01,0.19,0,5.48,1,Good,Tốt
4/21/2020,41.19,8.17,0.48,453,5.45,2,Moderate,Trung bình
4/22/2020,26.4,7.79,0.44,39,4.38,1,Good,Tốt
4/23/2020,23.56,8.34,0.6,120,5.53,2,Moderate,Trung bình
4/24/2020,28.34,8.32,0.52,8,4.88,2,Moderate,Trung bình
4/27/2020,17.78,8.21,0.86,0,5.15,2,Moderate,Trung bình
4/28/2020,34.5,7.96,0.16,126,4.6,2,Moderate,Trung bình
4/29/2020,43.47,8.02,0.16,58,5.26,2,Moderate,Trung bình
4/30/2020,26.62,8.08,0.58,0,5.19,2,Moderate,Trung bình
5/1/2020,22.9,8.16,0.11,467,5.59,2,Moderate,Trung bình
5/4/2020,14.95,8.3,0.1,3042,4.52,2,Moderate,Trung bình
5/5/2020,19.76,8.15,0.25,11019,5.05,2,Moderate,Trung bình
5/6/2020,14.16,8.29,0.72,169,4.9,2,Moderate,Trung bình
5/7/2020,19.48,8.27,0.2,3654,5.45,2,Moderate,Trung bình
5/8/2020,22.83,8.27,0.26,1834,5.23,2,Moderate,Trung bình
5/11/2020,17.99,8.27,0.87,9369,5.3,3,Bad,Xấu
5/12/2020,18.87,8.04,0.11,348,5.3,2,Moderate,Trung bình
5/13/2020,30.24,8.27,0.3,8911,3.65,3,Bad,Xấu
5/14/2020,25.01,8.09,0.64,4944,5.22,2,Moderate,Trung bình
5/15/2020,34.43,8.26,0.42,1898,4.85,2,Moderate,Trung bình
5/18/2020,15.81,8.25,0.24,5852,5.89,2,Moderate,Trung bình
5/19/2020,18.1,8.21,0.12,1932,5.93,2,Moderate,Trung bình
5/20/2020,15.34,8.33,0.7,5409,7.23,3,Bad,Xấu
5/21/2020,11.86,8.05,0.72,7223,5.5,2,Moderate,Trung bình
5/22/2020,13.63,8.48,0.39,3756,6.21,2,Moderate,Trung bình
5/25/2020,21.96,8.16,0.47,31517,6.75,2,Moderate,Trung bình
5/26/2020,18.65,8.14,0.33,3521,6.57,2,Moderate,Trung bình
5/27/2020,27.65,8.21,0.23,977,4.08,2,Moderate,Trung bình
5/28/2020,21.39,8.11,0.1,2201,7.05,2,Moderate,Trung bình
5/29/2020,10.82,8.21,0.28,129,5.51,1,Good,Tốt
6/1/2020,21.59,8.44,0.58,2385,4.45,3,Bad,Xấu
6/2/2020,20.56,8.27,0.32,4177,5.37,2,Moderate,Trung bình
6/3/2020,13.76,8.25,0.16,1400,5.5,2,Moderate,Trung bình
6/4/2020,26.43,7.99,0.57,14693,3.61,3,Bad,Xấu
6/5/2020,15.05,8.12,0.1,868,6.93,2,Moderate,Trung bình
6/8/2020,26.22,8.34,0.1,1755,5.87,2,Moderate,Trung bình
6/9/2020,20.7,8.23,0.19,7731,5.77,2,Moderate,Trung bình
6/10/2020,24.25,8.15,0.45,6711,5.14,2,Moderate,Trung bình
6/11/2020,10.42,8.35,0.26,1759,6.34,2,Moderate,Trung bình
6/12/2020,8.45,8.1,0.44,708,6.93,1,Good,Tốt
6/15/2020,25.76,8.27,0.26,1712,5.7,2,Moderate,Trung bình
6/16/2020,24.23,8.27,0.34,2129,5.37,2,Moderate,Trung bình
6/17/2020,7.64,8.13,0.49,4043,5.27,2,Moderate,Trung bình
6/18/2020,19.74,8.21,0.11,4166,4.57,2,Moderate,Trung bình
6/19/2020,7.79,8.36,0.42,4478,6.29,2,Moderate,Trung bình
6/22/2020,25.4,8.08,0.1,1556,5.49,2,Moderate,Trung bình
6/23/2020,13.78,8.28,0.12,1581,4.21,2,Moderate,Trung bình
6/24/2020,8.57,8.16,0.55,1054,7.68,2,Moderate,Trung bình
6/25/2020,19.24,8.18,0.48,1650,5.54,2,Moderate,Trung bình
6/26/2020,19.61,8.39,0.15,3158,7.04,2,Moderate,Trung bình
6/29/2020,27.91,8.33,0.15,7035,6.25,2,Moderate,Trung bình
6/30/2020,8.8,8.19,0.24,3012,5.98,2,Moderate,Trung bình
7/1/2020,7.27,8.32,0.4,6448,6.22,2,Moderate,Trung bình
7/2/2020,18.73,8.28,0.16,5515,5.48,2,Moderate,Trung bình
7/3/2020,7.72,8.18,0.52,3141,5.87,2,Moderate,Trung bình
7/6/2020,15.34,8.38,0.12,3696,4.87,3,Bad,Xấu
7/7/2020,12.83,8.31,0.13,14865,4.48,3,Bad,Xấu
7/8/2020,12.3,8.43,0.3,11362,3.97,3,Bad,Xấu
7/9/2020,20.75,8.29,0.52,1770,6.5,2,Moderate,Trung bình
7/10/2020,15.24,8.25,0.64,21924,4.88,3,Bad,Xấu
7/13/2020,13.01,8.15,0.1,987,4.59,2,Moderate,Trung bình
7/14/2020,16.51,8.44,0.1,10732,5.08,3,Bad,Xấu
7/15/2020,19.14,8.17,0.35,4022,5.7,2,Moderate,Trung bình
7/16/2020,30.2,8.22,0.12,1559,4.8,2,Moderate,Trung bình
7/17/2020,21.65,8.42,0.1,1213,5.66,2,Moderate,Trung bình
7/20/2020,18.39,8.3,0.13,21096,6.82,2,Moderate,Trung bình
7/21/2020,12.18,8.31,0.33,7259,7,2,Moderate,Trung bình
7/22/2020,10.15,8.15,0.1,3165,6.83,1,Good,Tốt
7/23/2020,15.96,8.28,0.54,68334,4.79,3,Bad,Xấu
7/24/2020,20.93,8.35,0.71,6638,4.94,3,Bad,Xấu
7/27/2020,22.4,8.37,0.38,11847,6.31,2,Moderate,Trung bình
7/28/2020,20.42,8.28,0.3,14011,4.6,3,Bad,Xấu
7/29/2020,13.13,8.29,0.57,4143,5.32,2,Moderate,Trung bình
7/30/2020,18.26,8.34,0.78,2276,5.42,3,Bad,Xấu
7/31/2020,24.88,8.28,0.32,6831,5.44,2,Moderate,Trung bình
8/3/2020,14.02,8.41,0.1,3863,4.54,2,Moderate,Trung bình
8/4/2020,5.33,8.25,0.32,21557,5.14,2,Moderate,Trung bình
8/5/2020,24.07,8.16,0.34,5585,4.71,3,Bad,Xấu
8/6/2020,16.54,8.32,0.1,708,5.89,2,Moderate,Trung bình
8/7/2020,13.35,8.49,0.1,528,4.58,2,Moderate,Trung bình
8/10/2020,14.72,8.28,0.3,733,6.41,1,Good,Tốt
8/11/2020,19.94,8.34,0.33,6526,5.55,3,Bad,Xấu
8/12/2020,21.94,8.33,0.4,2957,6.43,2,Moderate,Trung bình
8/13/2020,23.47,8.3,0.15,3841,4.55,2,Moderate,Trung bình
8/14/2020,10.21,8.26,0.25,1914,3.5,2,Moderate,Trung bình
8/17/2020,16.29,8.37,0.3,1032,5.07,2,Moderate,Trung bình
8/18/2020,6.32,8.45,0.43,2526,5.18,2,Moderate,Trung bình
8/19/2020,1.22,8.28,0.1,990,4.92,2,Moderate,Trung bình
8/20/2020,18.96,8.26,0.37,17660,6.02,2,Moderate,Trung bình
8/21/2020,9.46,8.37,0.31,9643,5.71,2,Moderate,Trung bình
8/24/2020,11.13,8.44,0.27,39742,4.59,3,Bad,Xấu
8/25/2020,16.23,8.25,0.11,2242,5.58,2,Moderate,Trung bình
8/26/2020,10.37,8.3,0.75,26184,5.56,3,Bad,Xấu
8/27/2020,14.06,8.36,0.1,2418,3.71,2,Moderate,Trung bình
8/28/2020,17.6,8.26,0.61,756,3.9,3,Bad,Xấu
8/31/2020,19.83,8.47,0.1,12019,5.13,3,Bad,Xấu
9/1/2020,17.78,8.37,0.2,19374,6.32,2,Moderate,Trung bình
9/2/2020,14.39,8.36,0.26,1701,4.52,2,Moderate,Trung bình
9/3/2020,19.66,8.36,0.11,8315,3.5,3,Bad,Xấu
9/4/2020,3.31,8.28,0.1,696,6.16,1,Good,Tốt
9/7/2020,14.25,8.3,0.31,3612,3.99,2,Moderate,Trung bình
9/8/2020,10.65,8.16,0.1,19945,5.89,2,Moderate,Trung bình
9/9/2020,10.18,8.28,0.72,5209,5.48,2,Moderate,Trung bình
9/10/2020,15.1,8.29,0.16,3022,5.12,2,Moderate,Trung bình
9/11/2020,13.67,8.39,0.19,3619,3.5,2,Moderate,Trung bình
9/14/2020,15.63,8.41,0.51,40372,5.03,3,Bad,Xấu
9/15/2020,7.48,8.38,0.1,1558,6.82,2,Moderate,Trung bình
9/16/2020,13.75,8.4,0.32,3945,5.43,2,Moderate,Trung bình
9/17/2020,14.69,8.34,0.49,12412,6.22,2,Moderate,Trung bình
9/18/2020,6.39,8.48,0.1,4736,4.48,2,Moderate,Trung bình
9/21/2020,14.55,8.34,0.3,22840,5.51,2,Moderate,Trung bình
9/22/2020,18.19,8.43,0.11,6746,5.72,3,Bad,Xấu
9/23/2020,20.61,8.29,0.23,2676,5.12,2,Moderate,Trung bình
9/24/2020,2.86,8.46,0.1,1002,3.5,2,Moderate,Trung bình
9/25/2020,4.03,8.47,0.45,1442,7.06,2,Moderate,Trung bình
9/28/2020,11.66,8.06,0.78,621,3.72,2,Moderate,Trung bình
9/29/2020,28.34,8.45,0.35,6724,5.89,3,Bad,Xấu
9/30/2020,15.08,8.32,0.19,1332,4.9,3,Bad,Xấu
10/1/2020,11.01,8.2,0.1,4087,6.32,1,Good,Tốt
10/2/2020,4.76,8.21,0.46,1013,4.99,2,Moderate,Trung bình
10/5/2020,8.02,8.32,0.11,1600,5.45,2,Moderate,Trung bình
10/6/2020,14.36,8.29,0.34,4309,6.3,1,Good,Tốt
10/7/2020,10.84,8.32,0.35,3492,5.2,2,Moderate,Trung bình
10/8/2020,8.61,8.16,0.64,740,4.54,2,Moderate,Trung bình
10/9/2020,17.97,8.27,0.52,1468,5.38,2,Moderate,Trung bình
10/12/2020,25.38,8.18,0.28,7047,5.5,2,Moderate,Trung bình
10/13/2020,12.33,8.31,0.17,10472,7.08,2,Moderate,Trung bình
10/14/2020,4.5,8.29,0.85,1255,6.57,2,Moderate,Trung bình
10/15/2020,11.64,8.37,0.64,2089,5.03,2,Moderate,Trung bình
10/16/2020,6.61,8.24,0.1,3431,4.47,2,Moderate,Trung bình
10/19/2020,4.17,8.34,0.42,301,5.49,2,Moderate,Trung bình
10/20/2020,7.25,8.48,0.33,1413,5.15,2,Moderate,Trung bình
10/21/2020,14.32,8.36,0.1,4036,3.95,2,Moderate,Trung bình
10/22/2020,7.75,8.23,0.52,12202,5.69,2,Moderate,Trung bình
10/23/2020,10.3,8.42,0.24,53265,5.47,2,Moderate,Trung bình
10/26/2020,11.63,8.32,0.18,7704,6,2,Moderate,Trung bình
10/27/2020,4.5,8.12,0.33,876,3.5,2,Moderate,Trung bình
10/28/2020,28.7,8.3,0.43,3633,5.09,2,Moderate,Trung bình
10/29/2020,12.47,8.33,0.3,1477,6.05,2,Moderate,Trung bình
10/30/2020,8.58,8.36,0.1,3407,5.15,2,Moderate,Trung bình
11/2/2020,43.03,8.17,0.47,230,4.94,2,Moderate,Trung bình
11/3/2020,9.05,7.99,0.17,14,4.61,1,Good,Tốt
11/4/2020,43.01,8.16,0.37,86,3.89,2,Moderate,Trung bình
11/5/2020,29.61,7.96,0.39,245,5.14,1,Good,Tốt
11/6/2020,60.45,8.19,0.16,13,4.55,2,Moderate,Trung bình
11/9/2020,35.95,8.2,0.25,127,5.14,2,Moderate,Trung bình
11/10/2020,6.8,7.74,0.49,0,4.62,1,Good,Tốt
11/11/2020,0,8.26,0.43,17,3.61,1,Good,Tốt
11/12/2020,39.87,7.92,0.29,78,4.9,1,Good,Tốt
11/13/2020,15.4,8.37,0.21,77,4.31,2,Moderate,Trung bình
11/16/2020,16.46,8.14,0.67,0,4.02,2,Moderate,Trung bình
11/17/2020,30.82,8.06,0.52,14,5.45,2,Moderate,Trung bình
11/18/2020,24.89,8.54,0.11,160,4.82,2,Moderate,Trung bình
11/19/2020,63.26,8.18,0.1,129,4.45,2,Moderate,Trung bình
11/20/2020,37.73,8.12,0.32,0,4.35,2,Moderate,Trung bình
11/23/2020,22.3,8,0.4,208,5,1,Good,Tốt
11/24/2020,20.26,7.93,0.64,45,4.61,2,Moderate,Trung bình
11/25/2020,44.77,8.25,0.8,10,5.09,2,Moderate,Trung bình
11/26/2020,38.2,8.43,0.38,138,5.11,2,Moderate,Trung bình
11/27/2020,17.38,7.99,0.25,302,4.23,2,Moderate,Trung bình
11/30/2020,27.88,8.22,0.45,172,4.44,2,Moderate,Trung bình
12/1/2020,42.24,8.09,0.7,148,5.07,2,Moderate,Trung bình
12/2/2020,59.48,8.16,0.1,138,4.54,2,Moderate,Trung bình
12/3/2020,47.47,8.34,0.3,128,5.45,2,Moderate,Trung bình
12/4/2020,85.36,8.23,0.14,176,4.94,3,Bad,Xấu
12/7/2020,50.89,8.11,0.1,72,4.48,2,Moderate,Trung bình
12/8/2020,47.46,8.41,0.39,0,4.94,2,Moderate,Trung bình
12/9/2020,27.16,8.11,0.32,10,5.08,1,Good,Tốt
12/10/2020,44.81,7.98,0.19,173,4.63,2,Moderate,Trung bình
12/11/2020,31.57,8.18,0.55,0,4.13,2,Moderate,Trung bình
12/14/2020,58.93,8.03,0.92,34,4.81,2,Moderate,Trung bình
12/15/2020,75.69,8.49,0.62,205,5.06,3,Bad,Xấu
12/16/2020,27.83,7.99,0.31,76,4.62,1,Good,Tốt
12/17/2020,55.49,8.15,0.68,0,4.72,2,Moderate,Trung bình
12/18/2020,2.1,8.11,0.26,258,5.01,1,Good,Tốt
12/21/2020,70.33,8.33,0.44,70,4.37,2,Moderate,Trung bình
12/22/2020,56.88,8.45,0.68,42,4.32,3,Bad,Xấu
12/23/2020,4.77,8.19,0.26,44,4.15,1,Good,Tốt
12/24/2020,27.9,7.93,0.41,92,5.5,1,Good,Tốt
12/25/2020,30.44,8.04,0.43,0,4.95,2,Moderate,Trung bình
12/28/2020,60.57,8.12,0.26,0,4.47,2,Moderate,Trung bình
12/29/2020,43.74,8.28,0.1,256,4.66,2,Moderate,Trung bình
12/30/2020,23.41,7.72,0.52,174,4.67,2,Moderate,Trung bình
12/31/2020,46.77,7.86,0.17,180,4.28,2,Moderate,Trung bình
1/1/2021,16.76,8.17,0.34,0,5.35,1,Good,Tốt
1/4/2021,25.79,8.12,0.63,0,4.88,2,Moderate,Trung bình
1/5/2021,54.65,8.12,0.26,20,4.93,2,Moderate,Trung bình
1/6/2021,0,8.16,0.57,0,4.44,2,Moderate,Trung bình
1/7/2021,79.97,8.1,0.17,90,5.45,2,Moderate,Trung bình
1/8/2021,26.08,8,0.11,123,5.51,2,Moderate,Trung bình
1/11/2021,37.12,8.04,0.1,205,4.86,2,Moderate,Trung bình
1/12/2021,100.09,8.14,0.16,63,5.33,2,Moderate,Trung bình
1/13/2021,15.07,8.25,0.18,312,5.32,2,Moderate,Trung bình
1/14/2021,64.6,8.1,0.56,162,4.53,3,Bad,Xấu
1/15/2021,59.78,8.03,0.24,6,5.03,2,Moderate,Trung bình
1/18/2021,23.85,8.1,0.72,101,5.12,2,Moderate,Trung bình
1/19/2021,48.28,8.05,0.59,238,5.88,2,Moderate,Trung bình
1/20/2021,48.03,8.13,0.27,146,4.78,2,Moderate,Trung bình
1/21/2021,65.89,7.92,0.64,252,4.84,2,Moderate,Trung bình
1/22/2021,28.13,8.3,0.32,2,4.61,2,Moderate,Trung bình
1/25/2021,52.36,8.05,0.27,67,4.54,2,Moderate,Trung bình
1/26/2021,37.13,8.3,0.75,217,4.76,3,Bad,Xấu
1/27/2021,41.41,7.94,0.44,0,5.37,1,Good,Tốt
1/28/2021,44.69,8.14,0.28,173,4.68,2,Moderate,Trung bình
1/29/2021,17.53,8.12,0.84,1,4.64,2,Moderate,Trung bình
2/1/2021,48.2,8.12,0.51,189,5.41,2,Moderate,Trung bình
2/2/2021,40.34,8.18,0.87,106,4.58,3,Bad,Xấu
2/3/2021,43.27,7.7,0.61,63,4.95,2,Moderate,Trung bình
2/4/2021,48.22,8.18,0.28,176,4.86,2,Moderate,Trung bình
2/5/2021,56.45,7.91,0.67,63,5.3,2,Moderate,Trung bình
2/8/2021,78.6,8.02,0.3,118,4.84,2,Moderate,Trung bình
2/9/2021,15.41,7.89,0.13,223,5.66,1,Good,Tốt
2/10/2021,41.16,8.07,0.68,20,5.05,2,Moderate,Trung bình
2/11/2021,54.58,8.1,0.65,0,5.25,2,Moderate,Trung bình
2/12/2021,10,8.14,0.72,106,5.31,2,Moderate,Trung bình
2/15/2021,70.21,8.35,0.59,129,4.36,3,Bad,Xấu
2/16/2021,28.6,8.43,0.34,134,5.17,2,Moderate,Trung bình
2/17/2021,75.64,7.96,0.44,40,4.43,2,Moderate,Trung bình
2/18/2021,43.08,7.98,0.21,0,4.9,2,Moderate,Trung bình
2/19/2021,56.87,8.07,0.1,87,4.61,2,Moderate,Trung bình
2/22/2021,69.39,7.74,0.42,103,5.23,2,Moderate,Trung bình
2/23/2021,30.74,8.01,0.19,237,4.97,2,Moderate,Trung bình
2/24/2021,45.16,7.95,0.1,0,4.38,2,Moderate,Trung bình
2/25/2021,54.02,7.79,0.61,68,5.02,2,Moderate,Trung bình
2/26/2021,62.51,8.02,0.18,0,4.71,2,Moderate,Trung bình
3/1/2021,27.06,8.03,0.42,100,4.71,2,Moderate,Trung bình
3/2/2021,53.76,7.87,0.75,114,4.99,2,Moderate,Trung bình
3/3/2021,50.45,8.22,0.48,58,5.15,2,Moderate,Trung bình
3/4/2021,46.31,8.04,0.34,111,4.19,2,Moderate,Trung bình
3/5/2021,46.61,8.07,0.14,261,4.62,2,Moderate,Trung bình
3/8/2021,54.29,7.94,0.85,0,5.38,2,Moderate,Trung bình
3/9/2021,34.1,8.29,0.35,156,5.11,2,Moderate,Trung bình
3/10/2021,60.25,8.18,0.1,265,4.31,2,Moderate,Trung bình
3/11/2021,67.24,7.87,0.31,5,4.93,2,Moderate,Trung bình
3/12/2021,59.5,8.27,0.75,64,4.89,2,Moderate,Trung bình
3/15/2021,28.92,8.21,0.79,0,4.69,2,Moderate,Trung bình
3/16/2021,50.58,7.91,0.51,73,4.97,2,Moderate,Trung bình
3/17/2021,46.11,7.98,0.38,115,4.85,2,Moderate,Trung bình
3/18/2021,74.64,8.14,0.32,200,4.84,2,Moderate,Trung bình
3/19/2021,53.43,8.04,0.52,0,4.56,2,Moderate,Trung bình
3/22/2021,46.89,8.34,0.95,193,5.14,3,Bad,Xấu
3/23/2021,33.65,7.91,0.23,106,4.74,2,Moderate,Trung bình
3/24/2021,57.25,7.86,0.44,349,4.55,2,Moderate,Trung bình
3/25/2021,37.65,8.22,0.86,0,5.1,2,Moderate,Trung bình
3/26/2021,43.03,8.5,0.1,152,5.15,2,Moderate,Trung bình
3/29/2021,48.34,8.11,0.31,154,4.88,2,Moderate,Trung bình
3/30/2021,39.26,8.12,0.4,246,4.98,2,Moderate,Trung bình
3/31/2021,66.92,7.89,0.22,60,5.48,1,Good,Tốt
4/1/2021,100.04,8.23,0.42,115,5,2,Moderate,Trung bình
4/2/2021,56.78,8.16,0.41,99,4.91,2,Moderate,Trung bình
4/5/2021,65.07,8.16,0.35,191,5.03,2,Moderate,Trung bình
4/6/2021,37.2,8.25,0.62,37,5.12,2,Moderate,Trung bình
4/7/2021,17.99,7.95,0.59,223,5.13,2,Moderate,Trung bình
4/8/2021,54.61,7.96,0.5,207,5.28,2,Moderate,Trung bình
4/9/2021,58.61,8.13,0.67,118,4.64,3,Bad,Xấu
4/12/2021,30.49,7.95,0.35,35,4.83,1,Good,Tốt
4/13/2021,46.41,8.05,0.16,192,5.27,2,Moderate,Trung bình
4/14/2021,28.72,7.92,0.14,210,4.83,2,Moderate,Trung bình
4/15/2021,7.2,8.17,0.1,127,5.06,1,Good,Tốt
4/16/2021,21.63,7.55,0.45,315,5.49,1,Good,Tốt
4/19/2021,35.53,8.2,0.15,172,5.16,2,Moderate,Trung bình
4/20/2021,96.27,8.13,0.27,118,4.28,3,Bad,Xấu
4/21/2021,36.14,7.97,0.42,32,5.38,1,Good,Tốt
4/22/2021,44.21,8,0.43,210,4.61,2,Moderate,Trung bình
4/23/2021,38.13,7.83,0.18,69,5.28,1,Good,Tốt
4/26/2021,48.21,8.21,0.35,163,4.92,2,Moderate,Trung bình
4/27/2021,33.91,7.65,0.36,274,5.33,1,Good,Tốt
4/28/2021,68.11,8.08,0.45,54,4.86,2,Moderate,Trung bình
4/29/2021,67.17,8.04,0.28,121,5.21,2,Moderate,Trung bình
4/30/2021,0.64,7.96,0.1,66,4.85,1,Good,Tốt
5/3/2021,28.67,8.27,0.42,6950,4.57,3,Bad,Xấu
5/4/2021,20.96,8.31,0.1,510,6.31,2,Moderate,Trung bình
5/5/2021,15.33,8.15,0.64,790,7.01,2,Moderate,Trung bình
5/6/2021,23.32,8.2,0.49,1714,5.4,2,Moderate,Trung bình
5/7/2021,14.39,8.31,0.22,2503,4.71,2,Moderate,Trung bình
5/10/2021,16.67,8.46,0.52,3218,5.26,3,Bad,Xấu
5/11/2021,23.7,8.12,0.63,7772,6.2,2,Moderate,Trung bình
5/12/2021,20.94,8.3,0.5,2153,5.08,3,Bad,Xấu
5/13/2021,29.81,8.11,0.1,4014,5.62,2,Moderate,Trung bình
5/14/2021,22.02,8.21,0.72,482,4.85,2,Moderate,Trung bình
5/17/2021,10.38,8.22,0.76,3377,5.77,2,Moderate,Trung bình
5/18/2021,15.41,8.19,0.26,15334,6.02,2,Moderate,Trung bình
5/19/2021,20.75,8.28,0.62,21949,4.65,3,Bad,Xấu
5/20/2021,12,8.21,0.46,10771,5.48,2,Moderate,Trung bình
5/21/2021,20.97,8.15,0.87,478,5.72,2,Moderate,Trung bình
5/24/2021,22.44,8.23,0.28,2652,6.83,2,Moderate,Trung bình
5/25/2021,27.4,8.08,0.26,1967,6.02,2,Moderate,Trung bình
5/26/2021,21.56,8.43,0.1,4136,4.95,3,Bad,Xấu
5/27/2021,20.92,8.17,0.48,28712,5.42,2,Moderate,Trung bình
5/28/2021,13.31,8.14,0.48,19551,5.9,2,Moderate,Trung bình
5/31/2021,20.06,8.11,0.5,9496,5.17,2,Moderate,Trung bình
6/1/2021,19.01,8.21,0.28,40926,5.19,2,Moderate,Trung bình
6/2/2021,13.62,8.33,0.25,1511,6.56,2,Moderate,Trung bình
6/3/2021,15.69,8.08,0.57,1448,6.15,2,Moderate,Trung bình
6/4/2021,21.28,8.13,0.46,3350,4.53,2,Moderate,Trung bình
6/7/2021,21.6,8.27,0.44,35298,4.05,3,Bad,Xấu
6/8/2021,20.13,8.18,0.1,2625,6.27,2,Moderate,Trung bình
6/9/2021,26.85,8.11,0.3,732,5.73,2,Moderate,Trung bình
6/10/2021,16.23,8,0.36,5563,5.8,2,Moderate,Trung bình
6/11/2021,12.67,8.33,0.61,389,5.74,2,Moderate,Trung bình
6/14/2021,16.89,8.29,0.17,1464,5.43,2,Moderate,Trung bình
6/15/2021,10.26,8.32,0.1,7327,5.79,2,Moderate,Trung bình
6/16/2021,12.08,8.37,0.1,1886,5.77,2,Moderate,Trung bình
6/17/2021,17.15,8.2,0.66,26543,6.3,2,Moderate,Trung bình
6/18/2021,13.1,8.18,0.43,5442,6.64,2,Moderate,Trung bình
6/21/2021,9.48,8.37,0.1,2077,5.66,2,Moderate,Trung bình
6/22/2021,38.6,8.33,0.27,6255,6.25,2,Moderate,Trung bình
6/23/2021,28.37,8.28,0.42,7324,5.78,2,Moderate,Trung bình
6/24/2021,15,8.21,0.1,5581,6.12,2,Moderate,Trung bình
6/25/2021,28.42,8.26,0.47,888,5.1,2,Moderate,Trung bình
6/28/2021,23.69,8.23,0.29,532,5.13,2,Moderate,Trung bình
6/29/2021,22.23,8.31,0.32,3322,4.87,3,Bad,Xấu
6/30/2021,21.11,8.31,0.18,248,6.4,2,Moderate,Trung bình
7/1/2021,9.71,8.35,0.15,11752,5.79,2,Moderate,Trung bình
7/2/2021,7.84,8.41,0.32,2114,5.42,2,Moderate,Trung bình
7/5/2021,16.06,8.17,0.11,530,6.18,2,Moderate,Trung bình
7/6/2021,23.98,8.23,0.18,862,6.33,2,Moderate,Trung bình
7/7/2021,11.92,8.3,0.37,12590,6.53,2,Moderate,Trung bình
7/8/2021,7.04,8.24,0.31,1036,4.43,2,Moderate,Trung bình
7/9/2021,15.43,8.29,0.1,2498,4.48,2,Moderate,Trung bình
7/12/2021,22.5,8.1,0.1,546,4.73,2,Moderate,Trung bình
7/13/2021,6.57,8.19,0.1,4224,5.33,2,Moderate,Trung bình
7/14/2021,15.72,8.23,0.17,24538,6.41,2,Moderate,Trung bình
7/15/2021,19.08,8.36,0.1,8798,6.57,2,Moderate,Trung bình
7/16/2021,8.73,8.38,0.31,6384,5.53,2,Moderate,Trung bình
7/19/2021,7.79,8.39,0.55,2501,5.24,2,Moderate,Trung bình
7/20/2021,16.94,8.33,0.22,12696,4.93,3,Bad,Xấu
7/21/2021,9.81,8.29,0.21,4316,4.97,2,Moderate,Trung bình
7/22/2021,20.22,8.24,0.15,26885,6.47,2,Moderate,Trung bình
7/23/2021,18.24,8.23,0.3,4688,5.03,2,Moderate,Trung bình
7/26/2021,10.44,8.19,0.1,3038,4.62,2,Moderate,Trung bình
7/27/2021,25.02,8.23,0.32,5999,5.7,2,Moderate,Trung bình
7/28/2021,19.93,8.33,0.1,9347,6.04,2,Moderate,Trung bình
7/29/2021,14.85,8.35,0.19,11937,7.3,2,Moderate,Trung bình
7/30/2021,6.28,8.31,0.42,2496,6.51,2,Moderate,Trung bình
8/2/2021,16.38,8.24,0.63,35985,4.45,3,Bad,Xấu
8/3/2021,18.18,8.26,0.2,3395,3.5,2,Moderate,Trung bình
8/4/2021,9.38,8.25,0.57,729,5.87,2,Moderate,Trung bình
8/5/2021,11.59,8.38,0.3,6532,5.99,2,Moderate,Trung bình
8/6/2021,9.53,8.19,0.1,113410,6.23,2,Moderate,Trung bình
8/9/2021,4.24,8.34,0.34,6364,4.9,3,Bad,Xấu
8/10/2021,15.4,8.31,0.34,2500,4.42,3,Bad,Xấu
8/11/2021,31.7,8.34,0.14,9956,5.59,3,Bad,Xấu
8/12/2021,17.62,8.51,0.1,5815,4.37,3,Bad,Xấu
8/13/2021,8.57,8.26,0.15,10623,5.98,2,Moderate,Trung bình
8/16/2021,12.63,8.23,0.11,2538,4.85,2,Moderate,Trung bình
8/17/2021,18.58,8.18,0.1,11220,7.05,2,Moderate,Trung bình
8/18/2021,0.65,8.48,0.29,1162,5.58,2,Moderate,Trung bình
8/19/2021,10.93,8.32,0.42,975,5.16,2,Moderate,Trung bình
8/20/2021,14.16,8.21,0.1,997,5.7,2,Moderate,Trung bình
8/23/2021,13,8.31,0.14,2299,5.14,2,Moderate,Trung bình
8/24/2021,9.48,8.46,0.49,4612,6.77,2,Moderate,Trung bình
8/25/2021,16.26,8.3,0.52,12278,4.63,3,Bad,Xấu
8/26/2021,11.01,8.22,0.18,14541,4.72,2,Moderate,Trung bình
8/27/2021,13.86,8.39,0.35,1590,5.34,2,Moderate,Trung bình
8/30/2021,11.79,8.12,0.38,1536,4.16,2,Moderate,Trung bình
8/31/2021,11.81,8.24,0.34,9665,6.25,2,Moderate,Trung bình
9/1/2021,6.68,8.29,0.2,6757,5.72,2,Moderate,Trung bình
9/2/2021,12.64,8.35,0.56,7671,5.78,3,Bad,Xấu
9/3/2021,21.45,8.35,0.1,17745,5.73,3,Bad,Xấu
9/6/2021,9.55,8.34,0.31,4173,5.38,2,Moderate,Trung bình
9/7/2021,21.03,8.34,0.45,954,5.52,2,Moderate,Trung bình
9/8/2021,13.38,8.23,0.1,890,4.49,2,Moderate,Trung bình
9/9/2021,4.05,8.31,0.42,1108,6.43,2,Moderate,Trung bình
9/10/2021,19.59,8.25,0.42,888,5.91,2,Moderate,Trung bình
9/13/2021,16.38,8.19,0.1,6744,4.3,3,Bad,Xấu
9/14/2021,5.11,8.4,0.1,6390,5.68,2,Moderate,Trung bình
9/15/2021,15.69,8.33,0.1,982,3.5,3,Bad,Xấu
9/16/2021,3.81,8.32,0.14,7441,4.87,3,Bad,Xấu
9/17/2021,16.96,8.34,0.28,5784,3.77,3,Bad,Xấu
9/20/2021,17.32,8.21,0.15,3142,5.03,2,Moderate,Trung bình
9/21/2021,21.83,8.42,0.12,6948,6.29,2,Moderate,Trung bình
9/22/2021,19.83,8.51,0.46,4442,6.04,2,Moderate,Trung bình
9/23/2021,13.17,8.28,0.59,1233,6.46,2,Moderate,Trung bình
9/24/2021,4.96,8.35,0.32,6977,5.91,2,Moderate,Trung bình
9/27/2021,13.03,8.5,0.1,924,6.39,2,Moderate,Trung bình
9/28/2021,14.86,8.42,0.55,1351,4.76,3,Bad,Xấu
9/29/2021,24.25,8.37,0.1,35750,4.69,3,Bad,Xấu
9/30/2021,14.61,8.46,0.41,5419,5.51,2,Moderate,Trung bình
10/1/2021,16.95,8.05,0.14,4400,4.16,2,Moderate,Trung bình
10/4/2021,12.71,8.48,0.61,1883,5.04,2,Moderate,Trung bình
10/5/2021,10.76,8.32,0.1,848,5.7,2,Moderate,Trung bình
10/6/2021,9.34,8.4,0.1,4463,5.89,2,Moderate,Trung bình
10/7/2021,16.25,8.25,0.16,2572,4.51,2,Moderate,Trung bình
10/8/2021,4.05,8.25,0.14,2422,4.94,2,Moderate,Trung bình
10/11/2021,16.37,8.39,0.1,777,4.25,3,Bad,Xấu
10/12/2021,10.94,8.22,0.12,1905,5.3,2,Moderate,Trung bình
10/13/2021,10.79,8.26,0.1,3172,4.44,2,Moderate,Trung bình
10/14/2021,3.37,8.27,0.29,4107,7.52,1,Good,Tốt
10/15/2021,7.86,8.3,0.23,2990,4.45,2,Moderate,Trung bình
10/18/2021,11.16,8.3,0.1,26541,4.91,2,Moderate,Trung bình
10/19/2021,20.28,8.36,0.32,5283,3.54,3,Bad,Xấu
10/20/2021,18.36,8.3,0.14,3093,6.63,2,Moderate,Trung bình
10/21/2021,14.42,8.4,0.13,426,4.39,2,Moderate,Trung bình
10/22/2021,13.46,8.29,0.15,32364,6.62,2,Moderate,Trung bình
10/25/2021,14.81,8.34,0.14,19383,4.21,3,Bad,Xấu
10/26/2021,7.16,8.25,0.1,1588,4.7,2,Moderate,Trung bình
10/27/2021,18.02,8.19,0.26,14205,4.7,3,Bad,Xấu
10/28/2021,11.44,8.42,0.25,1741,5.56,2,Moderate,Trung bình
10/29/2021,16.55,8.34,0.13,1204,4.36,3,Bad,Xấu
11/1/2021,56.62,8.06,0.37,0,4.46,2,Moderate,Trung bình
11/2/2021,16.66,8.01,0.1,111,4.6,2,Moderate,Trung bình
11/3/2021,0,8.06,0.34,0,4.41,1,Good,Tốt
11/4/2021,58.5,8.1,0.34,95,3.81,2,Moderate,Trung bình
11/5/2021,38.19,8.26,1.24,0,5.39,2,Moderate,Trung bình
11/8/2021,38.46,8.16,0.14,18,4.8,2,Moderate,Trung bình
11/9/2021,45.76,8.09,0.1,31,5.14,2,Moderate,Trung bình
11/10/2021,39.52,8.04,0.43,154,5.4,2,Moderate,Trung bình
11/11/2021,45.59,8.19,0.57,2,4.97,2,Moderate,Trung bình
11/12/2021,32.07,8.18,0.31,67,4.76,2,Moderate,Trung bình
11/15/2021,53.18,8.33,0.15,0,5.11,2,Moderate,Trung bình
11/16/2021,61.45,8.07,0.2,0,4.55,2,Moderate,Trung bình
11/17/2021,25.85,8.28,0.21,114,4.25,2,Moderate,Trung bình
11/18/2021,0,8.14,0.16,210,4.99,2,Moderate,Trung bình
11/19/2021,61.93,8.01,0.69,180,4.6,3,Bad,Xấu
11/22/2021,14.21,8.04,0.11,22,4.29,1,Good,Tốt
11/23/2021,29.9,8.24,0.12,0,4.82,2,Moderate,Trung bình
11/24/2021,30.27,7.93,0.73,178,4.66,2,Moderate,Trung bình
11/25/2021,19.12,8.27,0.31,108,5.23,2,Moderate,Trung bình
11/26/2021,39.5,7.89,0.1,66,4.74,1,Good,Tốt
11/29/2021,76.74,8.42,0.39,87,4.56,2,Moderate,Trung bình
11/30/2021,33.93,8.21,0.1,116,4.59,2,Moderate,Trung bình
12/1/2021,19.69,8.05,0.75,155,4.19,2,Moderate,Trung bình
12/2/2021,9.43,8.32,0.19,84,5.32,1,Good,Tốt
12/3/2021,10.43,8.02,0.55,0,3.61,2,Moderate,Trung bình
12/6/2021,47.16,8.33,0.18,50,5.23,2,Moderate,Trung bình
12/7/2021,28.42,8.15,0.39,39,4.74,2,Moderate,Trung bình
12/8/2021,22.84,8.19,0.1,101,4.88,2,Moderate,Trung bình
12/9/2021,40.25,7.96,0.24,160,4.83,2,Moderate,Trung bình
12/10/2021,40.99,8.25,0.22,220,4.63,2,Moderate,Trung bình
12/13/2021,59.93,7.9,0.13,63,4.48,2,Moderate,Trung bình
12/14/2021,23.4,8.04,0.37,0,4.67,2,Moderate,Trung bình
12/15/2021,31.64,8.12,0.17,0,4.92,2,Moderate,Trung bình
12/16/2021,39.54,8.18,0.49,0,5.51,1,Good,Tốt
12/17/2021,67.71,8.01,0.76,178,5.01,2,Moderate,Trung bình
12/20/2021,33.11,8.34,0.34,0,4.34,2,Moderate,Trung bình
12/21/2021,42.97,8.12,0.6,0,4.83,2,Moderate,Trung bình
12/22/2021,49.63,8.1,0.39,1,5.24,2,Moderate,Trung bình
12/23/2021,49.24,8.11,0.46,18,5.15,2,Moderate,Trung bình
12/24/2021,58.82,8.01,0.41,0,5.06,2,Moderate,Trung bình
12/27/2021,3.46,7.93,0.23,62,4.31,1,Good,Tốt
12/28/2021,42.47,8.1,0.11,208,5.45,2,Moderate,Trung bình
12/29/2021,25.69,8.21,0.21,79,5.06,1,Good,Tốt
12/30/2021,59.82,8.13,0.18,85,4.71,2,Moderate,Trung bình
12/31/2021,63.26,8.13,0.39,197,4.32,2,Moderate,Trung bình
1/3/2022,37.24,8.24,0.18,99,4.65,2,Moderate,Trung bình
1/4/2022,50.79,7.97,0.18,98,4.53,2,Moderate,Trung bình
1/5/2022,35.74,7.6,0.26,0,4.25,1,Good,Tốt
1/6/2022,42.48,8.31,0.42,44,5.03,2,Moderate,Trung bình
1/7/2022,28.45,7.89,0.1,67,4.93,1,Good,Tốt
1/10/2022,33.94,7.93,0.5,0,5.19,1,Good,Tốt
1/11/2022,26.84,7.84,0.21,215,5.06,1,Good,Tốt
1/12/2022,52.3,7.91,0.28,25,5.44,1,Good,Tốt
1/13/2022,56.97,8.24,0.8,65,5.13,2,Moderate,Trung bình
1/14/2022,32.6,7.84,0.1,186,4.2,2,Moderate,Trung bình
1/17/2022,49.38,8.12,0.45,134,5.38,2,Moderate,Trung bình
1/18/2022,28.28,7.95,0.55,207,5.03,2,Moderate,Trung bình
1/19/2022,21.18,8.38,0.74,189,5.63,2,Moderate,Trung bình
1/20/2022,30.38,7.96,0.51,0,5.13,1,Good,Tốt
1/21/2022,55.88,8.15,0.12,18,5.42,2,Moderate,Trung bình
1/24/2022,41.76,8.02,0.15,0,5.67,2,Moderate,Trung bình
1/25/2022,43.91,8.25,0.1,129,5.22,2,Moderate,Trung bình
1/26/2022,94.55,7.81,0.61,91,5.19,2,Moderate,Trung bình
1/27/2022,28.64,8.13,0.11,175,5.01,2,Moderate,Trung bình
1/28/2022,61.83,8.16,0.39,14,4.61,2,Moderate,Trung bình
1/31/2022,69.34,8.06,0.37,12,5.38,2,Moderate,Trung bình
2/1/2022,81.05,7.91,0.3,145,5.23,2,Moderate,Trung bình
2/2/2022,28.33,8.21,0.56,22,5.49,2,Moderate,Trung bình
2/3/2022,48.27,8.08,0.54,27,5,2,Moderate,Trung bình
2/4/2022,58.62,7.78,0.74,85,4.8,2,Moderate,Trung bình
2/7/2022,38.69,8.3,0.24,258,5.07,2,Moderate,Trung bình
2/8/2022,23.61,8.34,0.14,0,5.37,2,Moderate,Trung bình
2/9/2022,27.69,8.1,0.13,239,5.39,2,Moderate,Trung bình
2/10/2022,51.82,8.36,0.39,0,5.15,2,Moderate,Trung bình
2/11/2022,28.02,8.01,0.51,115,4.62,2,Moderate,Trung bình
2/14/2022,88.49,8.1,0.17,0,5.09,2,Moderate,Trung bình
2/15/2022,54.48,8.07,0.25,3,5.32,2,Moderate,Trung bình
2/16/2022,17.07,8.34,0.54,272,4.44,3,Bad,Xấu
2/17/2022,40.52,8.14,0.82,197,4.82,3,Bad,Xấu
2/18/2022,66.26,7.89,0.78,90,5.56,2,Moderate,Trung bình
2/21/2022,42.78,7.98,0.31,167,5,2,Moderate,Trung bình
2/22/2022,40.98,8.07,0.15,170,4.54,2,Moderate,Trung bình
2/23/2022,12.39,7.75,0.1,44,5.7,1,Good,Tốt
2/24/2022,47.38,8.13,0.41,112,4.46,2,Moderate,Trung bình
2/25/2022,79.37,7.78,0.15,90,4.61,2,Moderate,Trung bình
2/28/2022,31.72,8.43,0.69,143,5.38,2,Moderate,Trung bình
3/1/2022,36.42,7.92,0.43,218,5.07,1,Good,Tốt
3/2/2022,29.33,8.03,0.37,338,4.38,2,Moderate,Trung bình
3/3/2022,73.64,8.44,0.3,178,5.22,2,Moderate,Trung bình
3/4/2022,44.07,8.13,0.23,198,5.04,2,Moderate,Trung bình
3/7/2022,83.18,7.93,0.3,340,4.64,2,Moderate,Trung bình
3/8/2022,42.44,8.19,0.45,0,4.75,2,Moderate,Trung bình
3/9/2022,43.67,8.12,0.5,0,5.39,2,Moderate,Trung bình
3/10/2022,71.46,8.13,0.68,175,5.53,2,Moderate,Trung bình
3/11/2022,44.42,8.44,0.63,186,4.49,3,Bad,Xấu
3/14/2022,49.8,8.07,0.23,140,5.58,2,Moderate,Trung bình
3/15/2022,25.38,8.03,0.21,83,4.84,2,Moderate,Trung bình
3/16/2022,22.1,8.03,0.26,0,5.79,1,Good,Tốt
3/17/2022,39.86,8.06,0.12,308,5.77,2,Moderate,Trung bình
3/18/2022,64.71,8.08,0.1,80,5.04,2,Moderate,Trung bình
3/21/2022,41.22,8.03,0.38,130,4.54,2,Moderate,Trung bình
3/22/2022,21.32,8.21,0.13,249,5.51,2,Moderate,Trung bình
3/23/2022,0,7.99,0.38,15,4.76,1,Good,Tốt
3/24/2022,59.48,7.9,0.1,89,4.94,2,Moderate,Trung bình
3/25/2022,36.34,8.14,0.89,213,4.98,2,Moderate,Trung bình
3/28/2022,38.95,8.25,0.24,129,4.99,2,Moderate,Trung bình
3/29/2022,19.92,8.1,0.38,179,4.75,2,Moderate,Trung bình
3/30/2022,30.77,8.35,0.1,171,5.21,2,Moderate,Trung bình
3/31/2022,52.72,8.26,0.16,179,3.96,2,Moderate,Trung bình
4/1/2022,73.67,7.96,0.1,99,5.75,1,Good,Tốt
4/4/2022,23.43,8.31,0.83,109,4.4,3,Bad,Xấu
4/5/2022,76.09,8.19,0.2,115,4.95,2,Moderate,Trung bình
4/6/2022,71.69,8.21,0.12,269,5.09,2,Moderate,Trung bình
4/7/2022,72.33,7.88,0.38,63,4.35,2,Moderate,Trung bình
4/8/2022,91.24,7.75,0.38,190,5.01,2,Moderate,Trung bình
4/11/2022,20.58,8.1,0.2,0,5.43,1,Good,Tốt
4/12/2022,46.54,8.1,0.66,145,5.34,2,Moderate,Trung bình
4/13/2022,68.5,8.11,0.43,0,5.06,2,Moderate,Trung bình
4/14/2022,32.04,7.92,0.11,350,5.46,1,Good,Tốt
4/15/2022,24.02,8.08,0.1,45,4.64,2,Moderate,Trung bình
4/18/2022,38.57,8.25,0.55,369,4.4,2,Moderate,Trung bình
4/19/2022,67,7.9,0.65,157,4.9,2,Moderate,Trung bình
4/20/2022,30.56,8.41,0.38,205,4.61,2,Moderate,Trung bình
4/21/2022,63.78,7.83,0.28,124,4.97,2,Moderate,Trung bình
4/22/2022,51.74,8.18,0.57,14,4.83,2,Moderate,Trung bình
4/25/2022,62.3,7.83,0.49,0,5.01,1,Good,Tốt
4/26/2022,29.07,7.93,0.6,0,4.76,2,Moderate,Trung bình
4/27/2022,33.54,8.02,0.58,166,5.08,2,Moderate,Trung bình
4/28/2022,51.11,8.04,0.5,67,4.87,2,Moderate,Trung bình
4/29/2022,42.99,7.92,0.1,148,5.01,2,Moderate,Trung bình
5/2/2022,18.82,8.28,0.5,5617,4.88,3,Bad,Xấu
5/3/2022,22.97,8.24,0.17,3993,7.5,2,Moderate,Trung bình
5/4/2022,15.89,8.27,0.42,13782,4.46,3,Bad,Xấu
5/5/2022,24.92,8.22,0.44,11329,6.35,2,Moderate,Trung bình
5/6/2022,24.42,8.22,0.36,3596,5.4,2,Moderate,Trung bình
5/9/2022,21.32,8.13,0.26,4081,6.68,2,Moderate,Trung bình
5/10/2022,16.11,8.49,0.42,15219,5.46,3,Bad,Xấu
5/11/2022,26.22,8.36,0.62,9381,5.31,3,Bad,Xấu
5/12/2022,22.06,8.33,0.29,11826,6.82,2,Moderate,Trung bình
5/13/2022,14.68,8.22,0.42,1755,6.72,1,Good,Tốt
5/16/2022,21.29,8.09,0.1,4615,3.73,2,Moderate,Trung bình
5/17/2022,20.69,8.56,0.94,2649,5.51,3,Bad,Xấu
5/18/2022,31.88,8.08,0.1,1561,6.11,2,Moderate,Trung bình
5/19/2022,27.57,8.12,0.22,9223,4.86,3,Bad,Xấu
5/20/2022,19.48,8.3,0.3,1901,5.37,2,Moderate,Trung bình
5/23/2022,12.14,8.16,0.48,4845,5.71,2,Moderate,Trung bình
5/24/2022,18.54,8.01,0.38,18296,4.26,3,Bad,Xấu
5/25/2022,22.03,8.36,0.23,1435,3.84,3,Bad,Xấu
5/26/2022,33.03,8.26,0.35,4848,5.56,2,Moderate,Trung bình
5/27/2022,24.77,8.25,0.35,1021,6.68,2,Moderate,Trung bình
5/30/2022,17.97,8.34,0.23,1288,4.93,3,Bad,Xấu
5/31/2022,21.7,8.04,0.1,272,5.44,2,Moderate,Trung bình
6/1/2022,16.01,8.15,0.1,5750,4.94,3,Bad,Xấu
6/2/2022,13.12,8.28,0.63,6655,5.07,2,Moderate,Trung bình
6/3/2022,16.94,8.26,0.22,2704,5.61,2,Moderate,Trung bình
6/6/2022,11.02,8.12,0.11,764,5.53,2,Moderate,Trung bình
6/7/2022,20.33,8.26,0.2,7228,6.1,2,Moderate,Trung bình
6/8/2022,19.67,8.17,0.31,722,3.83,2,Moderate,Trung bình
6/9/2022,17,8.22,0.1,2038,5.64,2,Moderate,Trung bình
6/10/2022,19.18,8.19,0.59,803,5.84,2,Moderate,Trung bình
6/13/2022,22.21,8.25,0.18,11420,4.22,3,Bad,Xấu
6/14/2022,14.77,8.38,0.39,1030,5.12,2,Moderate,Trung bình
6/15/2022,13.24,8.35,0.1,22706,6.12,2,Moderate,Trung bình
6/16/2022,16.43,8.25,0.1,1755,5.88,2,Moderate,Trung bình
6/17/2022,12.76,8.23,0.28,617,5.97,2,Moderate,Trung bình
6/20/2022,16.23,8.21,0.1,3266,5.21,2,Moderate,Trung bình
6/21/2022,13.37,8.29,0.71,3896,6.28,2,Moderate,Trung bình
6/22/2022,17.69,8.14,0.1,1356,6.42,2,Moderate,Trung bình
6/23/2022,20.54,8.11,0.26,4731,5.6,2,Moderate,Trung bình
6/24/2022,10.93,8.24,0.42,236,5.22,1,Good,Tốt
6/27/2022,23.39,8.33,0.45,1261,3.76,3,Bad,Xấu
6/28/2022,23.77,8.4,0.47,5514,5.74,3,Bad,Xấu
6/29/2022,16.79,8.42,0.1,22870,5.12,3,Bad,Xấu
6/30/2022,10.99,8.33,0.13,602,5.65,2,Moderate,Trung bình
7/1/2022,11.55,8.14,0.24,2965,5.78,2,Moderate,Trung bình
7/4/2022,16.22,8.48,0.32,2173,3.9,3,Bad,Xấu
7/5/2022,13.34,8.38,0.36,800,5.41,2,Moderate,Trung bình
7/6/2022,25.5,8.38,0.45,3540,5.63,2,Moderate,Trung bình
7/7/2022,8.86,8.26,0.1,5191,6.38,2,Moderate,Trung bình
7/8/2022,0.64,8.24,0.47,6279,5.62,2,Moderate,Trung bình
7/11/2022,7.65,8.34,0.1,45286,5.76,2,Moderate,Trung bình
7/12/2022,11.37,8.27,0.18,12582,5.41,2,Moderate,Trung bình
7/13/2022,26.28,8.29,0.43,1587,5.56,2,Moderate,Trung bình
7/14/2022,4.57,8.49,0.58,2045,4.32,3,Bad,Xấu
7/15/2022,16.5,8.32,0.3,6047,6.54,2,Moderate,Trung bình
7/18/2022,9.88,8.42,0.67,144686,4.31,3,Bad,Xấu
7/19/2022,3.34,8.34,0.12,33123,4.6,3,Bad,Xấu
7/20/2022,11.1,8.08,0.42,276,5.24,1,Good,Tốt
7/21/2022,11.62,8.44,0.32,1168,5.18,2,Moderate,Trung bình
7/22/2022,18.49,8.15,0.4,128,4.72,2,Moderate,Trung bình
7/25/2022,18.95,8.28,0.11,1010,5.43,2,Moderate,Trung bình
7/26/2022,12.06,8.24,0.42,1769,5.19,2,Moderate,Trung bình
7/27/2022,9.23,8.11,0.47,1458,5.06,2,Moderate,Trung bình
7/28/2022,13.28,8.44,0.44,9269,4.01,3,Bad,Xấu
7/29/2022,0,8.2,0.48,6125,5.04,2,Moderate,Trung bình
8/1/2022,9.63,8.32,0.4,473,5.42,2,Moderate,Trung bình
8/2/2022,12.23,8.38,0.93,2906,5.53,2,Moderate,Trung bình
8/3/2022,14.15,8.35,0.25,968,5.32,2,Moderate,Trung bình
8/4/2022,17.96,8.41,0.17,8100,5.45,3,Bad,Xấu
8/5/2022,14.77,8.2,0.1,4134,5.39,2,Moderate,Trung bình
8/8/2022,18.96,8.35,0.1,520,5,3,Bad,Xấu
8/9/2022,14.04,8.26,0.29,2066,4.88,2,Moderate,Trung bình
8/10/2022,10.23,8.47,0.26,15887,4.98,3,Bad,Xấu
8/11/2022,15.14,8.42,0.13,881,6.42,2,Moderate,Trung bình
8/12/2022,15.02,8.43,0.1,6730,4.64,3,Bad,Xấu
8/15/2022,14.1,8.15,0.1,16666,5.93,2,Moderate,Trung bình
8/16/2022,15.2,8.27,0.55,2590,5.36,2,Moderate,Trung bình
8/17/2022,10.27,8.46,0.16,23281,4.87,3,Bad,Xấu
8/18/2022,2.18,8.26,0.1,1588,5.03,2,Moderate,Trung bình
8/19/2022,16.01,8.34,0.1,1144,6.75,2,Moderate,Trung bình
8/22/2022,23.04,8.28,0.21,11900,6.24,2,Moderate,Trung bình
8/23/2022,11.35,8.3,0.3,9599,5.16,2,Moderate,Trung bình
8/24/2022,24.28,8.34,0.3,532,3.5,3,Bad,Xấu
8/25/2022,13.62,8.25,0.28,3063,6.15,1,Good,Tốt
8/26/2022,9.39,8.4,0.16,6196,4.75,3,Bad,Xấu
8/29/2022,13.66,8.3,0.33,2386,3.54,2,Moderate,Trung bình
8/30/2022,18.15,8.27,0.15,10759,4.53,3,Bad,Xấu
8/31/2022,11.29,8.25,0.1,2668,5.54,2,Moderate,Trung bình
9/1/2022,14.97,8.49,0.11,4600,4.68,2,Moderate,Trung bình
9/2/2022,8.76,8.26,0.28,55201,4.47,2,Moderate,Trung bình
9/5/2022,12.33,8.35,0.26,15379,3.5,3,Bad,Xấu
9/6/2022,7.76,8.41,0.22,89,5.55,1,Good,Tốt
9/7/2022,6.81,8.21,0.1,3761,4.58,2,Moderate,Trung bình
9/8/2022,0,8.23,0.1,2421,4.67,2,Moderate,Trung bình
9/9/2022,2.73,8.32,0.35,30571,4.72,3,Bad,Xấu
9/12/2022,2.6,8.07,0.41,3272,6.16,1,Good,Tốt
9/13/2022,14.89,8.49,0.29,4590,5.09,2,Moderate,Trung bình
9/14/2022,19.72,8.24,0.31,504,4.05,2,Moderate,Trung bình
9/15/2022,12.47,8.46,0.19,361,5.94,2,Moderate,Trung bình
9/16/2022,16.75,8.31,0.19,4011,7.01,2,Moderate,Trung bình
9/19/2022,13.28,8.42,0.26,4235,4.19,2,Moderate,Trung bình
9/20/2022,19.6,8.23,0.56,2950,4.35,3,Bad,Xấu
9/21/2022,12.4,8.39,0.14,3065,5.58,2,Moderate,Trung bình
9/22/2022,1.41,8.2,0.44,2810,4.67,2,Moderate,Trung bình
9/23/2022,5.27,8.1,0.16,1606,4.24,2,Moderate,Trung bình
9/26/2022,15.25,8.52,0.18,13241,5.96,3,Bad,Xấu
9/27/2022,13.57,8.26,0.24,20147,5.62,2,Moderate,Trung bình
9/28/2022,11.05,8.16,0.15,14013,3.81,2,Moderate,Trung bình
9/29/2022,12.84,8.21,0.1,1981,3.9,2,Moderate,Trung bình
9/30/2022,16.39,8.17,0.21,1546,5.73,2,Moderate,Trung bình
10/3/2022,10.81,8.31,0.22,5964,5.49,2,Moderate,Trung bình
10/4/2022,19.45,8.19,0.49,3964,4.86,2,Moderate,Trung bình
10/5/2022,13.13,8.43,0.1,1319,6.06,2,Moderate,Trung bình
10/6/2022,18.63,8.47,0.11,7461,4.14,3,Bad,Xấu
10/7/2022,15.76,8.35,0.1,448,5.62,2,Moderate,Trung bình
10/10/2022,9.83,8.39,0.24,34127,5.99,2,Moderate,Trung bình
10/11/2022,13.31,8.3,0.19,1065,4.65,2,Moderate,Trung bình
10/12/2022,12.05,8.27,0.23,5350,5.72,2,Moderate,Trung bình
10/13/2022,12.08,8.36,0.39,4763,4.45,2,Moderate,Trung bình
10/14/2022,21.27,8.25,0.74,1753,5.2,2,Moderate,Trung bình
10/17/2022,14.47,8.13,0.1,888,5.26,2,Moderate,Trung bình
10/18/2022,18.68,8.07,0.73,4694,4.51,3,Bad,Xấu
10/19/2022,15.02,8.24,0.26,1589,4.81,2,Moderate,Trung bình
10/20/2022,4.49,8.31,0.35,6110,5.85,2,Moderate,Trung bình
10/21/2022,10.92,8.39,0.12,1117,4.33,2,Moderate,Trung bình
10/24/2022,20.56,8.36,0.49,1146,5.5,2,Moderate,Trung bình
10/25/2022,18.77,8.29,0.12,6304,5.92,2,Moderate,Trung bình
10/26/2022,12.76,8.19,0.42,4189,5.67,2,Moderate,Trung bình
10/27/2022,2.33,8.27,0.34,17043,4.22,2,Moderate,Trung bình
10/28/2022,20.75,8.22,0.1,5015,4.46,3,Bad,Xấu
10/31/2022,11,8.13,0.34,4323,4.67,2,Moderate,Trung bình
11/1/2022,45.96,8.37,0.18,43,4.86,2,Moderate,Trung bình
11/2/2022,36.45,8.26,0.41,0,4.33,2,Moderate,Trung bình
11/3/2022,34.66,8.25,0.62,26,4.45,2,Moderate,Trung bình
11/4/2022,40.31,8.39,0.33,0,4.18,2,Moderate,Trung bình
11/7/2022,44.34,8.36,0.7,171,5.1,3,Bad,Xấu
11/8/2022,11.82,8.31,0.35,91,4.82,2,Moderate,Trung bình
11/9/2022,57.67,8.39,0.39,171,4.9,3,Bad,Xấu
11/10/2022,47.17,7.93,0.51,0,4.78,2,Moderate,Trung bình
11/11/2022,43.05,8.16,0.16,125,4.42,2,Moderate,Trung bình
11/14/2022,34.61,8.24,0.1,16,4.52,2,Moderate,Trung bình
11/15/2022,65.45,8.04,0.53,0,4.23,2,Moderate,Trung bình
11/16/2022,7.83,7.9,0.34,56,4.8,1,Good,Tốt
11/17/2022,39.28,8.29,0.24,0,5.12,1,Good,Tốt
11/18/2022,15.88,8.14,0.1,34,4.8,2,Moderate,Trung bình
11/21/2022,17.51,8.09,0.52,133,5.52,2,Moderate,Trung bình
11/22/2022,55.96,7.94,0.45,74,4.5,2,Moderate,Trung bình
11/23/2022,51.28,8.26,0.1,160,4.43,2,Moderate,Trung bình
11/24/2022,28.33,8.13,0.44,0,5.46,1,Good,Tốt
11/25/2022,20.87,8.22,0.38,69,4.6,2,Moderate,Trung bình
11/28/2022,29.85,8.41,0.46,174,4.31,2,Moderate,Trung bình
11/29/2022,28.09,8,0.34,21,4.94,1,Good,Tốt
11/30/2022,64.29,8.01,0.29,165,4.42,2,Moderate,Trung bình
12/1/2022,15.91,8.38,0.31,30,4.69,2,Moderate,Trung bình
12/2/2022,27.74,8.01,0.25,0,5.53,1,Good,Tốt
12/5/2022,52.45,8.16,0.1,94,5.08,2,Moderate,Trung bình
12/6/2022,59.49,8.3,0.53,45,4.34,3,Bad,Xấu
12/7/2022,40.7,8.22,0.25,94,4.82,2,Moderate,Trung bình
12/8/2022,61.21,8.2,0.62,71,5.15,2,Moderate,Trung bình
12/9/2022,63.5,7.95,0.25,57,5.02,1,Good,Tốt
12/12/2022,22.93,8.14,0.2,250,4.6,2,Moderate,Trung bình
12/13/2022,32.05,8.33,0.41,93,4.74,2,Moderate,Trung bình
12/14/2022,69.04,7.98,0.49,133,5.27,2,Moderate,Trung bình
12/15/2022,23.53,8.31,0.4,0,4.54,2,Moderate,Trung bình
12/16/2022,53.52,8.02,0.42,151,4.3,2,Moderate,Trung bình
12/19/2022,0,8.26,0.31,70,5.28,1,Good,Tốt
12/20/2022,68.11,7.9,0.3,0,4.71,2,Moderate,Trung bình
12/21/2022,48.99,8.14,0.45,170,5.63,2,Moderate,Trung bình
12/22/2022,20.05,8.17,0.1,255,4.66,2,Moderate,Trung bình
12/23/2022,28.45,8.25,0.25,25,5.43,1,Good,Tốt
12/26/2022,37.5,8.24,0.12,146,4.33,2,Moderate,Trung bình
12/27/2022,20.79,8.25,0.58,188,4.91,2,Moderate,Trung bình
12/28/2022,26.85,8.38,0.12,0,5.04,2,Moderate,Trung bình
12/29/2022,19.4,7.88,0.17,86,4.85,1,Good,Tốt
12/30/2022,48.36,8.1,0.26,150,5.32,2,Moderate,Trung bình
1/2/2023,33.43,7.92,0.1,181,5.11,1,Good,Tốt
1/3/2023,40.16,8.33,0.23,213,4.88,3,Bad,Xấu
1/4/2023,52.26,8.16,0.43,118,4.85,2,Moderate,Trung bình
1/5/2023,66.15,8.22,0.4,218,5.16,2,Moderate,Trung bình
1/6/2023,36.38,8.08,0.44,132,4.69,2,Moderate,Trung bình
1/9/2023,43.9,7.9,0.35,0,5.12,1,Good,Tốt
1/10/2023,59.88,7.96,0.36,0,5.17,1,Good,Tốt
1/11/2023,51.6,8.09,0.46,283,4.78,2,Moderate,Trung bình
1/12/2023,22.08,7.94,0.38,229,4.78,2,Moderate,Trung bình
1/13/2023,34.22,8,0.42,0,5.39,1,Good,Tốt
1/16/2023,54.58,7.87,0.51,182,5.01,2,Moderate,Trung bình
1/17/2023,45.55,7.88,0.28,221,5.17,2,Moderate,Trung bình
1/18/2023,24.01,8.2,0.35,0,5.19,1,Good,Tốt
1/19/2023,64.07,7.9,0.44,140,5,2,Moderate,Trung bình
1/20/2023,22.24,8.55,0.26,188,4.57,2,Moderate,Trung bình
1/23/2023,36.72,8.03,0.23,97,4.92,2,Moderate,Trung bình
1/24/2023,18.52,8.17,0.14,0,5.17,1,Good,Tốt
1/25/2023,41.4,7.86,0.18,81,4.26,2,Moderate,Trung bình
1/26/2023,53.23,8.33,0.24,191,4.09,3,Bad,Xấu
1/27/2023,27.8,8.15,0.29,252,4.55,2,Moderate,Trung bình
1/30/2023,37.43,8.07,0.31,18,4.89,2,Moderate,Trung bình
1/31/2023,46.33,8.1,0.55,209,4.46,3,Bad,Xấu
2/1/2023,23.89,8.16,0.55,0,5.02,2,Moderate,Trung bình
2/2/2023,30.43,8.29,0.22,33,4.97,2,Moderate,Trung bình
2/3/2023,42.95,8.26,0.53,0,4.76,2,Moderate,Trung bình
2/6/2023,53.15,7.61,1.02,178,5,3,Bad,Xấu
2/7/2023,89.23,8.21,0.64,135,4.93,3,Bad,Xấu
2/8/2023,29.19,7.94,0.1,112,4.27,2,Moderate,Trung bình
2/9/2023,44.4,8.09,0.26,453,5.5,2,Moderate,Trung bình
2/10/2023,47.92,7.95,0.12,0,5.09,1,Good,Tốt
2/13/2023,62.02,8.23,0.72,28,5.12,2,Moderate,Trung bình
2/14/2023,36.78,7.93,0.8,145,5.23,2,Moderate,Trung bình
2/15/2023,21.6,7.96,0.35,6,4.92,1,Good,Tốt
2/16/2023,22.56,8.17,0.52,78,4.5,2,Moderate,Trung bình
2/17/2023,36.98,8.17,0.61,67,4.46,2,Moderate,Trung bình
2/20/2023,29.98,7.97,0.72,210,5.02,2,Moderate,Trung bình
2/21/2023,47.5,8.24,0.28,266,5.43,2,Moderate,Trung bình
2/22/2023,52.16,8.17,0.76,169,4.8,3,Bad,Xấu
2/23/2023,48.82,7.84,0.35,239,4.06,2,Moderate,Trung bình
2/24/2023,67.09,7.99,0.54,121,5.49,2,Moderate,Trung bình
2/27/2023,20.07,8.17,0.35,129,4.69,2,Moderate,Trung bình
2/28/2023,65.78,7.94,0.1,79,5.18,1,Good,Tốt
3/1/2023,69.27,8.19,0.64,160,4.43,3,Bad,Xấu
3/2/2023,65.28,8.04,0.52,90,4.56,2,Moderate,Trung bình
3/3/2023,51.52,7.94,0.34,23,5.42,1,Good,Tốt
3/6/2023,72.42,8.31,0.38,16,4.14,2,Moderate,Trung bình
3/7/2023,19.17,8.28,0.41,167,4.05,2,Moderate,Trung bình
3/8/2023,61.09,8.09,0.35,186,5.6,2,Moderate,Trung bình
3/9/2023,47.01,8.08,1,0,5.25,2,Moderate,Trung bình
3/10/2023,56.28,7.94,0.39,201,6.22,1,Good,Tốt
3/13/2023,31.14,7.98,0.29,0,4.87,1,Good,Tốt
3/14/2023,23.21,8.23,0.53,45,4.95,2,Moderate,Trung bình
3/15/2023,61.06,8.06,0.36,133,4.82,2,Moderate,Trung bình
3/16/2023,81.46,8.07,0.48,118,4.62,3,Bad,Xấu
3/17/2023,16.3,8.44,0.1,13,4.8,2,Moderate,Trung bình
3/20/2023,47.51,7.85,0.73,203,5.23,2,Moderate,Trung bình
3/21/2023,90.77,8.43,0.24,300,5.15,3,Bad,Xấu
3/22/2023,15.28,8.02,0.2,214,5.42,2,Moderate,Trung bình
3/23/2023,43.47,8.23,0.33,203,5.06,2,Moderate,Trung bình
3/24/2023,41.29,7.84,0.12,201,5,2,Moderate,Trung bình
3/27/2023,38,8,0.66,88,4.44,2,Moderate,Trung bình
3/28/2023,42.92,8.06,0.81,122,5.12,2,Moderate,Trung bình
3/29/2023,40.72,8.15,0.1,146,4.98,2,Moderate,Trung bình
3/30/2023,65.1,8.11,0.77,17,5.04,2,Moderate,Trung bình
3/31/2023,26.34,8.21,0.98,123,5.18,2,Moderate,Trung bình
4/3/2023,31.82,7.75,0.21,0,5.64,1,Good,Tốt
4/4/2023,38.39,8.21,0.11,38,4.98,2,Moderate,Trung bình
4/5/2023,55.15,8.11,0.42,164,5.06,2,Moderate,Trung bình
4/6/2023,44.7,7.87,0.4,69,5.94,1,Good,Tốt
4/7/2023,18.97,8.04,0.52,301,4.72,2,Moderate,Trung bình
4/10/2023,58.34,7.82,0.26,93,4.88,2,Moderate,Trung bình
4/11/2023,32.97,8.02,0.39,137,5.01,2,Moderate,Trung bình
4/12/2023,60.86,8.13,0.5,0,4.99,2,Moderate,Trung bình
4/13/2023,58.78,7.95,0.23,58,5.18,1,Good,Tốt
4/14/2023,38.41,8.22,0.43,107,4.9,2,Moderate,Trung bình
4/17/2023,51.62,8.45,0.18,176,4.76,3,Bad,Xấu
4/18/2023,43.81,8.08,1.11,101,4.48,3,Bad,Xấu
4/19/2023,6.94,8.05,0.39,206,5.35,1,Good,Tốt
4/20/2023,41.6,7.93,0.1,154,4.43,2,Moderate,Trung bình
4/21/2023,26.13,8.15,0.83,0,4.2,2,Moderate,Trung bình
4/24/2023,45.04,8.1,0.27,99,5.1,2,Moderate,Trung bình
4/25/2023,9.91,8,0.45,21,5.68,1,Good,Tốt
4/26/2023,43.48,8.15,0.23,0,4.76,2,Moderate,Trung bình
4/27/2023,39.7,7.92,0.63,85,4.78,2,Moderate,Trung bình
4/28/2023,59.22,8.47,0.59,246,4.76,3,Bad,Xấu
5/1/2023,20.23,8.24,0.1,2669,5.89,2,Moderate,Trung bình
5/2/2023,24.28,8.27,0.23,1777,4.54,2,Moderate,Trung bình
5/3/2023,22.75,8.22,0.14,111596,4.69,3,Bad,Xấu
5/4/2023,22.95,8.29,0.59,28824,6,3,Bad,Xấu
5/5/2023,18.28,8.26,0.86,615,6.58,2,Moderate,Trung bình
5/8/2023,26.1,8.23,0.14,8110,6.14,2,Moderate,Trung bình
5/9/2023,21.77,8.18,0.1,8805,5.97,2,Moderate,Trung bình
5/10/2023,16.67,8.18,0.1,1234,4.55,2,Moderate,Trung bình
5/11/2023,16.02,8.07,0.85,14807,4.88,3,Bad,Xấu
5/12/2023,23.67,8.36,0.15,12214,5.1,3,Bad,Xấu
5/15/2023,23.9,8.36,0.98,780,6.14,2,Moderate,Trung bình
5/16/2023,25.19,8.09,0.1,1298,5.63,2,Moderate,Trung bình
5/17/2023,24.21,8.33,0.49,22980,5.91,3,Bad,Xấu
5/18/2023,27.87,8.17,0.57,21771,5.93,3,Bad,Xấu
5/19/2023,13.86,8.36,0.29,3624,6.19,2,Moderate,Trung bình
5/22/2023,23.25,8.22,0.28,9221,6.07,2,Moderate,Trung bình
5/23/2023,27.14,8.22,0.13,1324,4.71,2,Moderate,Trung bình
5/24/2023,28.03,8.15,0.39,1497,5.34,2,Moderate,Trung bình
5/25/2023,18.04,8.21,0.47,4306,4.48,2,Moderate,Trung bình
5/26/2023,23.23,8.26,0.36,1769,5.79,2,Moderate,Trung bình
5/29/2023,10.84,8.18,0.29,4479,6.62,1,Good,Tốt
5/30/2023,17.11,8.18,0.14,2171,6.22,2,Moderate,Trung bình
5/31/2023,22.4,8.06,0.2,2218,7,2,Moderate,Trung bình
6/1/2023,4.85,8.06,0.31,6880,5.74,2,Moderate,Trung bình
6/2/2023,25.54,8.21,0.53,464,4.64,2,Moderate,Trung bình
6/5/2023,14.92,8.25,0.31,3547,4.56,2,Moderate,Trung bình
6/6/2023,9.18,8.4,0.22,1832,6.8,2,Moderate,Trung bình
6/7/2023,10.36,8.14,0.27,5529,6.03,2,Moderate,Trung bình
6/8/2023,7.41,8.33,0.19,1629,4.96,2,Moderate,Trung bình
6/9/2023,27.61,8.34,0.3,16665,4.08,3,Bad,Xấu
6/12/2023,3.94,8.18,0.33,3726,5.51,2,Moderate,Trung bình
6/13/2023,21.8,8.28,0.47,339,5.65,2,Moderate,Trung bình
6/14/2023,14.8,8.31,0.31,1185,5.39,2,Moderate,Trung bình
6/15/2023,23.77,8.23,0.56,1751,4.92,3,Bad,Xấu
6/16/2023,22.89,8.19,0.45,2081,3.68,2,Moderate,Trung bình
6/19/2023,10.71,8.26,0.1,10006,5.32,2,Moderate,Trung bình
6/20/2023,22.15,8.36,0.29,1305,3.87,3,Bad,Xấu
6/21/2023,13.98,8.27,0.21,7520,4.87,2,Moderate,Trung bình
6/22/2023,25.45,8.29,0.28,1599,4.87,2,Moderate,Trung bình
6/23/2023,14.27,8.33,0.24,652,6.93,2,Moderate,Trung bình
6/26/2023,10.23,8.22,0.33,25472,4.47,2,Moderate,Trung bình
6/27/2023,27.78,8.2,0.24,949,5.27,2,Moderate,Trung bình
6/28/2023,22.31,8.37,0.11,310,5.4,2,Moderate,Trung bình
6/29/2023,20.18,8.23,0.33,20300,5.76,2,Moderate,Trung bình
6/30/2023,15,8.24,0.71,2643,5.39,2,Moderate,Trung bình
7/3/2023,22.01,8.48,0.36,3637,5.29,2,Moderate,Trung bình
7/4/2023,17.98,8.29,0.33,1402,4.86,2,Moderate,Trung bình
7/5/2023,21.62,8.25,0.77,5524,4.15,3,Bad,Xấu
7/6/2023,11.83,8.06,0.65,7658,5.73,2,Moderate,Trung bình
7/7/2023,7.73,8.24,0.46,932,3.5,2,Moderate,Trung bình
7/10/2023,14.8,8.3,0.43,7079,5.49,2,Moderate,Trung bình
7/11/2023,7.93,8.34,0.42,744,4,2,Moderate,Trung bình
7/12/2023,11.15,8.36,0.1,1178,4.72,2,Moderate,Trung bình
7/13/2023,17.08,8.27,0.23,15526,4.65,3,Bad,Xấu
7/14/2023,18.46,8.28,0.89,928,5,2,Moderate,Trung bình
7/17/2023,20.38,8.45,0.66,14308,5.06,3,Bad,Xấu
7/18/2023,5.45,8.49,0.36,1825,6.41,2,Moderate,Trung bình
7/19/2023,17.36,8.26,0.4,3052,3.98,2,Moderate,Trung bình
7/20/2023,22.27,8.28,0.44,939,5.25,2,Moderate,Trung bình
7/21/2023,19.75,8.29,0.42,12150,5.85,2,Moderate,Trung bình
7/24/2023,10.14,8.29,0.12,2179,4.95,2,Moderate,Trung bình
7/25/2023,3.12,8.21,0.29,653,5.25,2,Moderate,Trung bình
7/26/2023,23.94,8.46,0.37,13371,4.7,3,Bad,Xấu
7/27/2023,0,8.4,0.63,1696,5.03,2,Moderate,Trung bình
7/28/2023,17.43,8.39,0.19,5383,5.01,3,Bad,Xấu
7/31/2023,18.76,8.27,0.23,2548,6.12,2,Moderate,Trung bình
8/1/2023,15.8,8.18,0.12,9684,5.21,2,Moderate,Trung bình
8/2/2023,25.34,8.41,0.24,1784,3.5,3,Bad,Xấu
8/3/2023,11.92,8.34,0.17,2242,3.61,2,Moderate,Trung bình
8/4/2023,15.98,8.47,0.18,4881,5.96,2,Moderate,Trung bình
8/7/2023,15.45,8.23,0.42,3950,5.4,2,Moderate,Trung bình
8/8/2023,17.52,8.51,0.1,2191,5.34,2,Moderate,Trung bình
8/9/2023,11.47,8.02,0.56,8204,3.67,3,Bad,Xấu
8/10/2023,22.88,8.45,0.44,2666,5.21,2,Moderate,Trung bình
8/11/2023,20.71,8.22,0.1,11072,5.12,2,Moderate,Trung bình
8/14/2023,11.39,8.3,0.1,3323,3.92,2,Moderate,Trung bình
8/15/2023,4.92,8.37,0.39,413,6.31,1,Good,Tốt
8/16/2023,16.82,8.25,0.94,676,5.25,2,Moderate,Trung bình
8/17/2023,22.33,8.34,0.1,1051,4.87,3,Bad,Xấu
8/18/2023,13.33,8.24,0.17,14854,4.7,2,Moderate,Trung bình
8/21/2023,11.77,8.3,0.24,4904,4.21,2,Moderate,Trung bình
8/22/2023,18.92,8.27,0.1,2904,5.74,2,Moderate,Trung bình
8/23/2023,12.72,8.31,0.1,2182,3.5,2,Moderate,Trung bình
8/24/2023,16.82,8.23,0.7,3656,4.29,3,Bad,Xấu
8/25/2023,17.3,8.35,0.12,5655,4.96,3,Bad,Xấu
8/28/2023,3.14,8.26,0.65,1312,4.65,2,Moderate,Trung bình
8/29/2023,6.29,8.08,0.15,3877,5.1,2,Moderate,Trung bình
8/30/2023,14.16,8.4,0.16,1654,4.91,2,Moderate,Trung bình
8/31/2023,23.13,8.24,0.24,4943,4.31,2,Moderate,Trung bình
9/1/2023,4.58,8.13,0.29,2078,5.3,2,Moderate,Trung bình
9/4/2023,7.48,8.31,0.11,17483,3.94,3,Bad,Xấu
9/5/2023,6.91,8.37,0.12,1767,5.86,2,Moderate,Trung bình
9/6/2023,16.52,8.21,0.15,3746,4.84,2,Moderate,Trung bình
9/7/2023,13.53,8.33,0.2,31760,5,3,Bad,Xấu
9/8/2023,9.04,8.34,0.12,5666,4.83,3,Bad,Xấu
9/11/2023,17.61,8.19,0.1,5702,6.95,2,Moderate,Trung bình
9/12/2023,16.8,8.3,0.68,404,5.2,2,Moderate,Trung bình
9/13/2023,0,8.33,0.22,2340,4.98,2,Moderate,Trung bình
9/14/2023,14.92,8.38,0.1,4694,5.01,2,Moderate,Trung bình
9/15/2023,23.92,8.43,0.23,207,4.79,2,Moderate,Trung bình
9/18/2023,14.69,8.43,0.59,4283,4.47,3,Bad,Xấu
9/19/2023,15.06,8.22,0.22,735,4.82,2,Moderate,Trung bình
9/20/2023,15.03,8.2,0.5,1609,3.66,2,Moderate,Trung bình
9/21/2023,13.48,8.33,0.54,2480,5.01,2,Moderate,Trung bình
9/22/2023,17.22,8.32,0.1,335,6.34,2,Moderate,Trung bình
9/25/2023,8.59,8.34,0.11,548,3.5,2,Moderate,Trung bình
9/26/2023,10.82,8.6,0.1,1090,4.65,2,Moderate,Trung bình
9/27/2023,10.79,8.37,0.1,627,3.56,2,Moderate,Trung bình
9/28/2023,8.04,8.27,0.1,14646,6.12,2,Moderate,Trung bình
9/29/2023,2.25,8.25,0.1,1497,4.5,2,Moderate,Trung bình
10/2/2023,11.07,8.24,0.26,5076,4.35,2,Moderate,Trung bình
10/3/2023,9.42,8.15,0.32,1235,5.48,2,Moderate,Trung bình
10/4/2023,20.03,8.36,0.19,558,6.54,2,Moderate,Trung bình
10/5/2023,8.29,8.07,0.12,2506,5.76,2,Moderate,Trung bình
10/6/2023,3.5,8.34,0.45,499,6.06,1,Good,Tốt
10/9/2023,20.66,8.3,0.42,2744,6.08,2,Moderate,Trung bình
10/10/2023,10.82,8.28,0.52,24476,4.35,3,Bad,Xấu
10/11/2023,14.03,8.43,0.32,2484,4.4,2,Moderate,Trung bình
10/12/2023,3.57,8.37,0.1,14803,5.32,2,Moderate,Trung bình
10/13/2023,15.19,8.13,0.1,7381,5.32,2,Moderate,Trung bình
10/16/2023,17.66,8.21,0.1,3726,3.5,2,Moderate,Trung bình
10/17/2023,18.38,8.43,0.17,14666,7.15,2,Moderate,Trung bình
10/18/2023,17.37,8.3,0.19,5951,5.85,2,Moderate,Trung bình
10/19/2023,20.47,8.13,0.17,3880,5.16,2,Moderate,Trung bình
10/20/2023,18.21,8.35,0.42,2841,5.66,2,Moderate,Trung bình
10/23/2023,25.97,8.22,0.74,3434,3.95,3,Bad,Xấu
10/24/2023,16.18,8.4,0.53,4941,4.69,3,Bad,Xấu
10/25/2023,15.03,8.38,0.32,5632,4.63,3,Bad,Xấu
10/26/2023,19.45,8.34,0.35,993,6.62,2,Moderate,Trung bình
10/27/2023,18.41,8.47,0.1,1265,5.26,2,Moderate,Trung bình
10/30/2023,12.11,8.36,0.29,994,5.62,2,Moderate,Trung bình
10/31/2023,15.95,8.42,0.1,5775,4.17,3,Bad,Xấu
11/1/2023,21.21,8,0.1,56,4.98,2,Moderate,Trung bình
11/2/2023,4.42,8.36,0.1,73,4.85,2,Moderate,Trung bình
11/3/2023,54.3,8.25,0.1,315,4.76,2,Moderate,Trung bình
11/6/2023,51.56,8.21,0.35,349,4.57,2,Moderate,Trung bình
11/7/2023,35.78,8.35,0.13,0,4.44,2,Moderate,Trung bình
11/8/2023,24.49,8.25,0.1,0,4.66,2,Moderate,Trung bình
11/9/2023,3.59,8.31,0.46,183,5.19,2,Moderate,Trung bình
11/10/2023,29.59,8.2,0.17,80,5.36,1,Good,Tốt
11/13/2023,16.74,8.4,0.49,40,4.98,2,Moderate,Trung bình
11/14/2023,61.93,8.18,0.51,365,4.93,3,Bad,Xấu
11/15/2023,47.31,8.11,0.85,99,4.57,2,Moderate,Trung bình
11/16/2023,53.33,8.31,0.12,142,4.05,3,Bad,Xấu
11/17/2023,42.47,8.46,0.1,0,4.33,2,Moderate,Trung bình
11/20/2023,57.23,8.43,0.32,211,4.69,3,Bad,Xấu
11/21/2023,27.72,8.12,0.14,108,4.66,2,Moderate,Trung bình
11/22/2023,36.42,8.15,0.1,87,5,2,Moderate,Trung bình
11/23/2023,34.42,8.2,0.1,16,4.74,2,Moderate,Trung bình
11/24/2023,39.26,8.01,0.5,332,4.3,2,Moderate,Trung bình
11/27/2023,21.1,8.35,0.1,131,4.35,2,Moderate,Trung bình
11/28/2023,14.75,8.31,0.1,139,4.54,2,Moderate,Trung bình
11/29/2023,36.56,8.04,0.3,245,4.37,2,Moderate,Trung bình
11/30/2023,62.72,8.04,0.1,112,4.5,2,Moderate,Trung bình
12/1/2023,40.46,8,0.1,212,4.61,2,Moderate,Trung bình
12/4/2023,55.6,8.05,0.29,93,5.05,2,Moderate,Trung bình
12/5/2023,34.49,8.14,0.21,0,4.9,2,Moderate,Trung bình
12/6/2023,23.56,8.01,0.1,173,5.02,2,Moderate,Trung bình
12/7/2023,20.88,8.14,0.1,110,5.12,2,Moderate,Trung bình
12/8/2023,8.47,8.39,0.13,217,4.68,2,Moderate,Trung bình
12/11/2023,45.86,7.98,0.33,53,4.25,2,Moderate,Trung bình
12/12/2023,33.44,8.1,0.1,266,5.14,2,Moderate,Trung bình
12/13/2023,33.29,7.84,0.8,88,4.51,2,Moderate,Trung bình
12/14/2023,59.87,8.13,0.62,211,4.36,3,Bad,Xấu
12/15/2023,54.91,7.67,0.26,0,4.57,2,Moderate,Trung bình
12/18/2023,31.05,8.03,0.1,342,5.52,2,Moderate,Trung bình
12/19/2023,65.93,8.06,0.32,88,4.48,2,Moderate,Trung bình
12/20/2023,41.25,8.05,0.1,0,4.15,2,Moderate,Trung bình
12/21/2023,15.92,8.08,0.64,224,4.77,2,Moderate,Trung bình
12/22/2023,72.49,8.22,0.22,0,4.93,2,Moderate,Trung bình
12/25/2023,27.14,8.18,0.22,75,3.81,2,Moderate,Trung bình
12/26/2023,55.58,8.02,0.31,13,4.92,2,Moderate,Trung bình
12/27/2023,20.43,8.36,0.53,29,4.97,2,Moderate,Trung bình
12/28/2023,50.32,7.84,0.56,33,4.65,2,Moderate,Trung bình
12/29/2023,46.15,8.08,0.22,245,4.32,2,Moderate,Trung bình
1/1/2024,35.09,8.33,0.53,92,4.97,2,Moderate,Trung bình
1/2/2024,44.17,8.1,0.59,214,5.06,2,Moderate,Trung bình
1/3/2024,55.5,8.07,0.1,66,4.9,2,Moderate,Trung bình
1/4/2024,39.73,7.89,0.37,122,4.98,2,Moderate,Trung bình
1/5/2024,61.89,7.99,0.21,0,5.19,1,Good,Tốt
1/8/2024,37.85,8.06,0.73,164,5.1,2,Moderate,Trung bình
1/9/2024,53.51,7.93,0.1,72,4.61,2,Moderate,Trung bình
1/10/2024,15.44,8.25,0.63,0,5.26,2,Moderate,Trung bình
1/11/2024,57.17,8.07,0.35,90,5.34,2,Moderate,Trung bình
1/12/2024,52.16,8.27,0.52,361,4.63,3,Bad,Xấu
1/15/2024,41.2,8.3,0.36,68,5.43,2,Moderate,Trung bình
1/16/2024,15.69,8,0.5,260,4.91,2,Moderate,Trung bình
1/17/2024,18.5,8.02,0.29,97,4.95,2,Moderate,Trung bình
1/18/2024,34.7,8.12,0.35,10,4.86,2,Moderate,Trung bình
1/19/2024,39.02,8.09,0.37,63,5.38,1,Good,Tốt
1/22/2024,27.75,8.56,0.1,0,5.14,2,Moderate,Trung bình
1/23/2024,35.79,8.44,0.1,0,4.22,2,Moderate,Trung bình
1/24/2024,63.82,8.01,0.53,260,5.62,2,Moderate,Trung bình
1/25/2024,0,7.95,0.24,82,4.8,1,Good,Tốt
1/26/2024,66.79,8.07,0.64,148,4.94,3,Bad,Xấu
1/29/2024,44.44,8.44,0.1,54,4.86,2,Moderate,Trung bình
1/30/2024,66,8.09,0.1,200,5.2,2,Moderate,Trung bình
1/31/2024,40.19,7.81,0.16,12,5.15,1,Good,Tốt
2/1/2024,21.56,8.21,0.1,156,4.63,2,Moderate,Trung bình
2/2/2024,54.05,8.15,0.72,112,5.06,2,Moderate,Trung bình
2/5/2024,48.04,8.13,0.36,0,5.07,2,Moderate,Trung bình
2/6/2024,32.96,7.84,0.76,174,4.87,2,Moderate,Trung bình
2/7/2024,28.85,8.28,0.41,61,5.12,1,Good,Tốt
2/8/2024,71.96,8.29,0.26,53,3.88,2,Moderate,Trung bình
2/9/2024,18.97,8.08,0.29,0,4.8,2,Moderate,Trung bình
2/12/2024,55.36,7.74,0.36,0,5.33,1,Good,Tốt
2/13/2024,29.37,7.93,0.28,0,5.11,1,Good,Tốt
2/14/2024,62.73,7.87,0.23,0,4.54,2,Moderate,Trung bình
2/15/2024,62.29,7.94,0.41,79,4.41,2,Moderate,Trung bình
2/16/2024,56,7.85,0.59,29,4.75,2,Moderate,Trung bình
2/19/2024,33.44,8.07,0.31,134,4.02,2,Moderate,Trung bình
2/20/2024,54.64,8.23,0.14,94,5.02,2,Moderate,Trung bình
2/21/2024,8.47,7.91,0.31,196,5.97,1,Good,Tốt
2/22/2024,18.98,8.13,0.71,132,4.58,2,Moderate,Trung bình
2/23/2024,58.31,7.89,0.49,228,5.45,2,Moderate,Trung bình
2/26/2024,38.47,8.27,0.1,168,4.4,2,Moderate,Trung bình
2/27/2024,41.44,8.28,0.52,0,5.56,2,Moderate,Trung bình
2/28/2024,62.93,7.94,0.33,136,4.72,2,Moderate,Trung bình
2/29/2024,49.48,7.61,0.49,83,4.97,2,Moderate,Trung bình
3/1/2024,60.7,8.24,0.47,88,4.95,2,Moderate,Trung bình
3/4/2024,31.44,8.15,0.52,291,5.48,2,Moderate,Trung bình
3/5/2024,60.62,7.88,0.57,69,4.55,2,Moderate,Trung bình
3/6/2024,0,7.75,0.36,133,4.84,1,Good,Tốt
3/7/2024,29.55,8.11,0.53,123,5.4,2,Moderate,Trung bình
3/8/2024,32.83,8,0.1,113,5.44,2,Moderate,Trung bình
3/11/2024,72.71,8,0.74,104,5.59,2,Moderate,Trung bình
3/12/2024,59.21,8.3,0.35,148,5.49,2,Moderate,Trung bình
3/13/2024,21.74,8.41,0.28,142,5.44,2,Moderate,Trung bình
3/14/2024,27.03,8.09,0.1,93,5.06,1,Good,Tốt
3/15/2024,17.5,8.32,0.42,279,4.87,2,Moderate,Trung bình
3/18/2024,50.28,8.01,0.1,283,4.7,2,Moderate,Trung bình
3/19/2024,68.82,7.96,0.23,0,5.62,1,Good,Tốt
3/20/2024,45.99,8.2,0.49,118,4.26,2,Moderate,Trung bình
3/21/2024,48.85,7.91,0.44,198,5.34,2,Moderate,Trung bình
3/22/2024,85.44,8.17,0.39,242,5.89,2,Moderate,Trung bình
3/25/2024,40.61,7.64,0.43,164,4.92,2,Moderate,Trung bình
3/26/2024,7.79,8.11,0.76,61,5.14,1,Good,Tốt
3/27/2024,53.05,7.98,0.19,42,4.78,2,Moderate,Trung bình
3/28/2024,22.41,7.98,0.39,6,5.71,1,Good,Tốt
3/29/2024,33.02,7.88,0.84,184,4.58,2,Moderate,Trung bình
4/1/2024,49.93,8.11,0.31,40,5.12,2,Moderate,Trung bình
4/2/2024,78.05,7.84,0.77,108,5.06,2,Moderate,Trung bình
4/3/2024,34.35,8.21,0.28,43,4.61,2,Moderate,Trung bình
4/4/2024,39.92,8.12,0.55,146,4.65,2,Moderate,Trung bình
4/5/2024,47.79,8.22,0.58,124,4.61,3,Bad,Xấu
4/8/2024,34.35,8,0.45,198,4.91,2,Moderate,Trung bình
4/9/2024,47.78,7.97,0.16,0,4.68,2,Moderate,Trung bình
4/10/2024,32.65,8.02,0.51,177,4.54,2,Moderate,Trung bình
4/11/2024,66.89,7.87,0.19,249,4.92,2,Moderate,Trung bình
4/12/2024,17.13,8.01,0.1,76,4.9,2,Moderate,Trung bình
4/15/2024,41.24,8.25,0.76,275,5.11,2,Moderate,Trung bình
4/16/2024,51.65,8.23,0.35,309,5.24,2,Moderate,Trung bình
4/17/2024,65.71,8.12,0.23,67,5.45,2,Moderate,Trung bình
4/18/2024,40.2,7.88,0.82,302,4.58,2,Moderate,Trung bình
4/19/2024,32.74,8.17,0.52,208,5.09,2,Moderate,Trung bình
4/22/2024,29.13,7.78,0.32,0,4.44,1,Good,Tốt
4/23/2024,27.14,7.89,0.51,66,4.85,2,Moderate,Trung bình
4/24/2024,31.91,8.02,0.49,0,4.03,2,Moderate,Trung bình
4/25/2024,54.54,8.41,0.43,209,4.89,3,Bad,Xấu
4/26/2024,76.14,7.7,0.49,351,5.07,2,Moderate,Trung bình
4/29/2024,35.19,8.06,0.41,0,4.54,2,Moderate,Trung bình
4/30/2024,59.17,8.2,0.46,209,4.85,2,Moderate,Trung bình
5/1/2024,22.38,8.25,0.3,7489,5.24,2,Moderate,Trung bình
5/2/2024,15.29,8.13,0.53,2961,5.2,2,Moderate,Trung bình
5/3/2024,18.36,8.22,0.71,20885,6.96,2,Moderate,Trung bình
5/6/2024,28.26,8.14,0.12,196,7.02,1,Good,Tốt
5/7/2024,19.5,8.14,0.52,2098,4.41,3,Bad,Xấu
5/8/2024,12.94,8.15,0.17,596,5.74,2,Moderate,Trung bình
5/9/2024,10.25,8.22,0.19,35965,7.11,2,Moderate,Trung bình
5/10/2024,23.62,8.31,0.19,547,5.53,2,Moderate,Trung bình
5/13/2024,18.33,8.28,0.16,826,5.66,2,Moderate,Trung bình
5/14/2024,14.43,8.33,0.1,1646,5.36,2,Moderate,Trung bình
5/15/2024,17.09,8.42,0.13,61655,5.93,3,Bad,Xấu
5/16/2024,24.09,8.49,0.1,858,4.92,3,Bad,Xấu
5/17/2024,10.77,8.24,0.77,3950,5.32,2,Moderate,Trung bình
5/20/2024,25.92,8.15,0.81,33519,5.77,3,Bad,Xấu
5/21/2024,27.32,8.34,0.15,1751,4.42,3,Bad,Xấu
5/22/2024,25.55,8.1,0.24,654,4.8,2,Moderate,Trung bình
5/23/2024,17.27,8.21,0.1,4122,5.55,2,Moderate,Trung bình
5/24/2024,19.26,8.25,0.14,560,7.12,2,Moderate,Trung bình
5/27/2024,19.91,8.33,1.23,739,5.94,3,Bad,Xấu
5/28/2024,17.18,8.16,0.1,3134,4.27,2,Moderate,Trung bình
5/29/2024,22.41,8.28,0.24,2120,5.85,2,Moderate,Trung bình
5/30/2024,17.81,8.14,0.12,261,6.7,1,Good,Tốt
5/31/2024,27.45,8.34,0.1,892,7.78,2,Moderate,Trung bình
6/3/2024,20.19,8.29,0.16,5534,4.85,3,Bad,Xấu
6/4/2024,8.64,8.25,0.1,3038,4.42,2,Moderate,Trung bình
6/5/2024,22.98,8.28,0.29,9457,5.81,2,Moderate,Trung bình
6/6/2024,17.31,8.22,0.1,1968,6.3,2,Moderate,Trung bình
6/7/2024,25.71,8.09,0.58,362,6.24,2,Moderate,Trung bình
6/10/2024,22.49,8.12,0.59,567,4.83,3,Bad,Xấu
6/11/2024,7.07,8.26,0.74,80833,5.47,2,Moderate,Trung bình
6/12/2024,21.14,8.32,0.23,4162,5.92,2,Moderate,Trung bình
6/13/2024,17.59,8.25,0.5,916,5.36,2,Moderate,Trung bình
6/14/2024,27.55,8.4,0.33,4841,6.35,2,Moderate,Trung bình
6/17/2024,8.44,8.14,0.64,2362,4.88,2,Moderate,Trung bình
6/18/2024,14.03,8.11,0.81,3206,5.33,2,Moderate,Trung bình
6/19/2024,25.01,8.36,0.57,1545,5.18,3,Bad,Xấu
6/20/2024,16.22,8.26,0.41,8451,3.9,3,Bad,Xấu
6/21/2024,17.94,8.33,0.5,22682,6.62,3,Bad,Xấu
6/24/2024,28.67,8.3,0.32,9388,6.1,2,Moderate,Trung bình
6/25/2024,20.76,8.25,0.1,15497,5.46,2,Moderate,Trung bình
6/26/2024,10.89,8.21,0.33,12896,5.83,2,Moderate,Trung bình
6/27/2024,12.15,8.15,0.38,640,4.97,2,Moderate,Trung bình
6/28/2024,13.22,8.42,0.61,499,4.62,2,Moderate,Trung bình
7/1/2024,9.13,8.35,0.12,5726,3.88,3,Bad,Xấu
7/2/2024,13.59,8.29,0.23,716,4.29,2,Moderate,Trung bình
7/3/2024,19.5,8.39,0.34,3910,3.8,3,Bad,Xấu
7/4/2024,15.69,8.48,0.42,20808,5.78,3,Bad,Xấu
7/5/2024,16.12,8.31,0.1,2076,5.07,2,Moderate,Trung bình
7/8/2024,5.21,8.41,0.1,634,6.34,2,Moderate,Trung bình
7/9/2024,24.41,8.37,0.77,6440,5.16,3,Bad,Xấu
7/10/2024,23.96,8.21,0.1,2273,3.5,2,Moderate,Trung bình
7/11/2024,4.91,8.29,0.47,1858,6.73,1,Good,Tốt
7/12/2024,21.84,8.35,0.19,85204,5.17,3,Bad,Xấu
7/15/2024,6.78,8.26,0.21,3725,4.98,2,Moderate,Trung bình
7/16/2024,14.43,8.09,0.22,192,5.6,1,Good,Tốt
7/17/2024,16.13,8.41,0.1,11770,4.86,3,Bad,Xấu
7/18/2024,15.68,8.21,0.44,1952,4.59,2,Moderate,Trung bình
7/19/2024,15.38,8.42,0.24,3386,5.8,2,Moderate,Trung bình
7/22/2024,24.21,8.28,0.21,6705,5.36,2,Moderate,Trung bình
7/23/2024,18.85,8.22,0.1,1748,6.44,2,Moderate,Trung bình
7/24/2024,15.29,8.27,0.2,4776,5.59,2,Moderate,Trung bình
7/25/2024,0.76,8.42,0.1,7508,5.93,2,Moderate,Trung bình
7/26/2024,19.23,8.24,0.28,13375,4.57,3,Bad,Xấu
7/29/2024,12.85,8.31,0.23,6358,4.08,3,Bad,Xấu
7/30/2024,14.69,8.47,0.21,12114,5.28,2,Moderate,Trung bình
7/31/2024,14.16,8.27,0.4,17143,5.57,2,Moderate,Trung bình
8/1/2024,9.68,8.27,0.1,4803,4.88,2,Moderate,Trung bình
8/2/2024,9.43,8.31,0.39,276,7.03,1,Good,Tốt
8/5/2024,1.83,8.32,0.22,2985,6.01,2,Moderate,Trung bình
8/6/2024,16.84,8.35,0.19,27734,3.9,3,Bad,Xấu
8/7/2024,14.83,8.39,0.1,406,5.3,2,Moderate,Trung bình
8/8/2024,23.55,8.18,0.5,56429,4.84,3,Bad,Xấu
8/9/2024,10.56,8.3,0.34,1620,6.47,1,Good,Tốt
8/12/2024,2.72,8.41,0.37,2578,7.84,2,Moderate,Trung bình
8/13/2024,7.54,8.3,0.2,3994,5.74,2,Moderate,Trung bình
8/14/2024,23.42,8.32,0.38,1550,6.25,2,Moderate,Trung bình
8/15/2024,15.71,8.21,0.1,7522,4.77,3,Bad,Xấu
8/16/2024,9.57,8.37,0.1,2860,5.15,2,Moderate,Trung bình
8/19/2024,3.53,8.33,0.1,11706,5.94,2,Moderate,Trung bình
8/20/2024,25.97,8.3,0.38,1633,7.32,2,Moderate,Trung bình
8/21/2024,16.36,8.35,0.57,2760,4.65,3,Bad,Xấu
8/22/2024,15.65,8.33,0.1,419,5.39,2,Moderate,Trung bình
8/23/2024,13.85,8.45,0.1,929,5.13,2,Moderate,Trung bình
8/26/2024,18.85,8.23,0.55,34897,5.12,3,Bad,Xấu
8/27/2024,9.19,8.42,0.49,9283,5.18,2,Moderate,Trung bình
8/28/2024,7.48,8.23,0.1,3814,4.71,2,Moderate,Trung bình
8/29/2024,7.1,8.23,0.49,1490,4.69,2,Moderate,Trung bình
8/30/2024,15.88,8.35,0.55,11224,6.4,3,Bad,Xấu
9/2/2024,6.73,8.26,0.1,4309,3.5,2,Moderate,Trung bình
9/3/2024,21.78,8.21,0.5,5045,3.51,3,Bad,Xấu
9/4/2024,13.56,8.27,0.27,5822,5.75,2,Moderate,Trung bình
9/5/2024,17.27,8.18,0.1,112590,5.79,2,Moderate,Trung bình
9/6/2024,24.4,8.35,0.3,3152,3.68,3,Bad,Xấu
9/9/2024,20.94,8.25,0.3,9152,4.33,3,Bad,Xấu
9/10/2024,7.05,8.23,0.13,1118,6.34,1,Good,Tốt
9/11/2024,13.48,8.26,0.49,15886,5.84,2,Moderate,Trung bình
9/12/2024,12.55,8.19,0.69,1323,5.71,2,Moderate,Trung bình
9/13/2024,11.35,8.42,0.4,26197,4.74,3,Bad,Xấu
9/16/2024,9.3,8.32,0.2,2054,3.5,2,Moderate,Trung bình
9/17/2024,25.97,8.36,0.36,6547,5.48,3,Bad,Xấu
9/18/2024,16.94,8.28,0.1,2443,5.42,2,Moderate,Trung bình
9/19/2024,15.21,8.35,0.41,15355,5.18,3,Bad,Xấu
9/20/2024,10.24,8.31,0.27,17435,5.2,2,Moderate,Trung bình
9/23/2024,22.23,8.25,0.35,2887,4.97,2,Moderate,Trung bình
9/24/2024,22.88,8.27,0.37,347,6.12,1,Good,Tốt
9/25/2024,15.27,8.29,0.31,51349,3.62,3,Bad,Xấu
9/26/2024,8.92,8.31,0.15,1970,5.13,2,Moderate,Trung bình
9/27/2024,18.69,8.12,0.32,2226,4.07,2,Moderate,Trung bình
9/30/2024,4.46,8.31,0.15,5729,4.32,3,Bad,Xấu
10/1/2024,15.62,8.22,0.19,535,5.7,2,Moderate,Trung bình
10/2/2024,32.87,8.32,0.43,388,6.52,2,Moderate,Trung bình
10/3/2024,12.16,8.43,0.16,1901,5.6,2,Moderate,Trung bình
10/4/2024,19.39,8.19,0.1,1105,5.79,2,Moderate,Trung bình
10/7/2024,5.57,8.24,0.2,798,4.14,2,Moderate,Trung bình
10/8/2024,11.23,8.28,0.14,1986,5.76,2,Moderate,Trung bình
10/9/2024,13.41,8.18,0.54,2937,6.69,2,Moderate,Trung bình
10/10/2024,13.23,8.48,0.1,2513,5.35,2,Moderate,Trung bình
10/11/2024,11.86,8.27,0.1,14392,5.54,2,Moderate,Trung bình
10/14/2024,19.42,8.28,0.1,1598,5.17,2,Moderate,Trung bình
10/15/2024,10.23,8.25,0.73,118,4.97,2,Moderate,Trung bình
10/16/2024,16.76,8.39,0.26,1478,3.5,3,Bad,Xấu
10/17/2024,9.84,8.22,0.1,26734,7.26,2,Moderate,Trung bình
10/18/2024,11.72,8.19,0.33,27982,4.95,2,Moderate,Trung bình
10/21/2024,15.95,8.39,0.21,4070,5.48,2,Moderate,Trung bình
10/22/2024,9.47,8.4,0.11,554,3.5,2,Moderate,Trung bình
10/23/2024,19.27,8.32,0.12,1745,4.26,3,Bad,Xấu
10/24/2024,1.11,8.23,0.13,6848,5.11,2,Moderate,Trung bình
10/25/2024,23.22,8.41,0.34,3341,4.33,3,Bad,Xấu
10/28/2024,25.15,8.34,0.7,528,4.18,3,Bad,Xấu
10/29/2024,16.75,8.44,0.22,1162,5,2,Moderate,Trung bình
10/30/2024,5.97,8.39,0.42,5092,3.62,3,Bad,Xấu
10/31/2024,6.57,8.42,0.1,895,5.18,2,Moderate,Trung bình
11/1/2024,60.89,8.04,0.11,0,4.65,2,Moderate,Trung bình
11/4/2024,7.32,8.37,0.41,76,5.21,1,Good,Tốt
11/5/2024,19.71,8,0.46,122,4.77,2,Moderate,Trung bình
11/6/2024,44.55,8.04,0.22,236,4.39,2,Moderate,Trung bình
11/7/2024,13.24,8.33,0.3,66,4.43,2,Moderate,Trung bình
11/8/2024,19.04,8.22,0.1,0,4.44,2,Moderate,Trung bình
11/11/2024,32.93,8.21,0.68,0,4.51,2,Moderate,Trung bình
11/12/2024,15.81,8.21,0.64,0,4.88,2,Moderate,Trung bình
11/13/2024,24.1,8.03,0.1,373,4.99,2,Moderate,Trung bình
11/14/2024,44.36,7.9,0.36,195,4.37,2,Moderate,Trung bình
11/15/2024,48.14,8.49,0.16,0,4.56,2,Moderate,Trung bình
11/18/2024,1.96,7.83,0.29,32,4.73,1,Good,Tốt
11/19/2024,24.97,7.86,0.77,0,4.28,2,Moderate,Trung bình
11/20/2024,28.22,8.16,0.38,197,4.58,2,Moderate,Trung bình
11/21/2024,0,8.31,0.1,228,4.78,2,Moderate,Trung bình
11/22/2024,45.74,8.32,0.4,0,4.47,2,Moderate,Trung bình
11/25/2024,33.44,8.3,0.25,116,4.56,2,Moderate,Trung bình
11/26/2024,19.68,8.13,0.66,4,4.3,2,Moderate,Trung bình
11/27/2024,19.89,8.14,0.64,187,5.06,2,Moderate,Trung bình
11/28/2024,43.7,8.13,0.2,124,4.43,2,Moderate,Trung bình
11/29/2024,32.74,8.28,0.63,191,4.16,2,Moderate,Trung bình
12/2/2024,54.32,8.28,0.1,24,5.19,2,Moderate,Trung bình
12/3/2024,31.92,8.39,0.28,16,4.41,2,Moderate,Trung bình
12/4/2024,13.98,8.09,0.39,235,5.06,1,Good,Tốt
12/5/2024,59.19,8.08,0.1,76,5.33,2,Moderate,Trung bình
12/6/2024,38.6,8.41,0.1,0,4.14,2,Moderate,Trung bình
12/9/2024,41.64,8.39,0.36,51,4.79,2,Moderate,Trung bình
12/10/2024,7.52,8.59,0.43,117,5.03,2,Moderate,Trung bình
12/11/2024,36.32,8.03,0.46,136,4.48,2,Moderate,Trung bình
12/12/2024,45.02,8.26,0.66,97,4.95,2,Moderate,Trung bình
12/13/2024,25.66,8.14,0.34,0,5.73,1,Good,Tốt
12/16/2024,12.88,8.35,0.46,0,4.98,2,Moderate,Trung bình
12/17/2024,39.11,8.58,0.12,169,5.29,2,Moderate,Trung bình
12/18/2024,35.33,8.09,0.42,183,5.05,2,Moderate,Trung bình
12/19/2024,20.47,8.1,0.1,53,5.22,1,Good,Tốt
12/20/2024,86.33,8.16,0.32,106,4.53,3,Bad,Xấu
12/23/2024,58.92,8.15,0.1,0,4.6,2,Moderate,Trung bình
12/24/2024,60.26,7.9,0.22,110,4.05,2,Moderate,Trung bình
12/25/2024,24.84,7.99,0.34,77,4.53,1,Good,Tốt
12/26/2024,70.37,8.41,0.18,157,4.72,3,Bad,Xấu
12/27/2024,31.02,8.15,0.34,32,4.43,2,Moderate,Trung bình
12/30/2024,42.07,8.23,0.51,41,4.88,2,Moderate,Trung bình
12/31/2024,60.63,8.12,0.25,115,4.35,2,Moderate,Trung bình
